-- phpMyAdmin SQL Dump
-- version 5.2.1
-- https://www.phpmyadmin.net/
--
-- Host: 127.0.0.1
-- Generation Time: Dec 27, 2023 at 07:06 AM
-- Server version: 10.4.32-MariaDB
-- PHP Version: 8.2.12

SET SQL_MODE = "NO_AUTO_VALUE_ON_ZERO";
START TRANSACTION;
SET time_zone = "+00:00";


/*!40101 SET @OLD_CHARACTER_SET_CLIENT=@@CHARACTER_SET_CLIENT */;
/*!40101 SET @OLD_CHARACTER_SET_RESULTS=@@CHARACTER_SET_RESULTS */;
/*!40101 SET @OLD_COLLATION_CONNECTION=@@COLLATION_CONNECTION */;
/*!40101 SET NAMES utf8mb4 */;

--
-- Database: `poco`
--

-- --------------------------------------------------------

--
-- Table structure for table `comments`
--

CREATE TABLE `comments` (
  `comm_id` int(11) NOT NULL,
  `post_id` int(11) NOT NULL,
  `user_id` int(11) NOT NULL,
  `time` timestamp NOT NULL DEFAULT current_timestamp(),
  `status` enum('NORMAL','DELETED') NOT NULL DEFAULT 'NORMAL',
  `text` text NOT NULL,
  `parent_id` int(11) DEFAULT NULL
) ENGINE=InnoDB DEFAULT CHARSET=latin1 COLLATE=latin1_swedish_ci;

--
-- Dumping data for table `comments`
--

INSERT INTO `comments` (`comm_id`, `post_id`, `user_id`, `time`, `status`, `text`, `parent_id`) VALUES
(52, 29, 11, '2023-12-16 06:24:18', 'NORMAL', '.......', NULL),
(53, 29, 11, '2023-12-16 06:25:03', 'DELETED', ',,,,,,', 52),
(54, 29, 12, '2023-12-16 06:27:56', 'NORMAL', 'fffff', 52),
(55, 33, 12, '2023-12-27 06:02:17', 'NORMAL', 'you tell me that it\'s red', NULL),
(56, 33, 12, '2023-12-27 06:03:03', 'NORMAL', 'ay mi amor ay mi amor', 55);

-- --------------------------------------------------------

--
-- Table structure for table `comm_control_log`
--

CREATE TABLE `comm_control_log` (
  `log_id` int(11) NOT NULL,
  `comm_id` int(11) NOT NULL,
  `mod_id` int(11) NOT NULL,
  `action` enum('DELETE','UNDELETE') NOT NULL,
  `comment` varchar(300) DEFAULT NULL,
  `time` timestamp NOT NULL DEFAULT current_timestamp()
) ENGINE=InnoDB DEFAULT CHARSET=latin1 COLLATE=latin1_swedish_ci;

--
-- Dumping data for table `comm_control_log`
--

INSERT INTO `comm_control_log` (`log_id`, `comm_id`, `mod_id`, `action`, `comment`, `time`) VALUES
(3, 53, 10, 'DELETE', 'harrassment of Spiderman. Spiderman cried.', '2023-12-18 09:59:29');

-- --------------------------------------------------------

--
-- Table structure for table `comm_reports`
--

CREATE TABLE `comm_reports` (
  `report_id` int(11) NOT NULL,
  `comm_id` int(11) NOT NULL
) ENGINE=InnoDB DEFAULT CHARSET=latin1 COLLATE=latin1_swedish_ci;

--
-- Dumping data for table `comm_reports`
--

INSERT INTO `comm_reports` (`report_id`, `comm_id`) VALUES
(7, 52);

-- --------------------------------------------------------

--
-- Table structure for table `comm_votes`
--

CREATE TABLE `comm_votes` (
  `comm_id` int(11) NOT NULL,
  `user_id` int(11) NOT NULL,
  `vote` enum('UP','DOWN') NOT NULL,
  `time` timestamp NOT NULL DEFAULT current_timestamp()
) ENGINE=InnoDB DEFAULT CHARSET=latin1 COLLATE=latin1_swedish_ci;

--
-- Dumping data for table `comm_votes`
--

INSERT INTO `comm_votes` (`comm_id`, `user_id`, `vote`, `time`) VALUES
(52, 10, 'UP', '2023-12-18 10:10:35'),
(54, 10, 'UP', '2023-12-18 10:10:53');

-- --------------------------------------------------------

--
-- Table structure for table `login_log`
--

CREATE TABLE `login_log` (
  `user_id` int(11) NOT NULL,
  `ip` char(45) NOT NULL,
  `time` timestamp NOT NULL DEFAULT current_timestamp(),
  `result` enum('SUCCESS','FAILURE') NOT NULL
) ENGINE=InnoDB DEFAULT CHARSET=latin1 COLLATE=latin1_swedish_ci;

--
-- Dumping data for table `login_log`
--

INSERT INTO `login_log` (`user_id`, `ip`, `time`, `result`) VALUES
(10, '::1', '2023-12-16 06:17:51', 'SUCCESS'),
(10, '::1', '2023-12-16 06:36:48', 'SUCCESS'),
(10, '::1', '2023-12-18 09:42:47', 'SUCCESS'),
(10, '::1', '2023-12-18 09:43:50', 'SUCCESS'),
(10, '::1', '2023-12-18 09:52:41', 'SUCCESS'),
(10, '::1', '2023-12-24 17:48:17', 'SUCCESS'),
(10, '::1', '2023-12-25 15:32:00', 'SUCCESS'),
(11, '::1', '2023-12-16 06:21:11', 'SUCCESS'),
(11, '::1', '2023-12-16 06:33:18', 'SUCCESS'),
(11, '::1', '2023-12-16 06:42:50', 'SUCCESS'),
(11, '::1', '2023-12-18 08:54:01', 'SUCCESS'),
(12, '::1', '2023-12-16 06:27:15', 'SUCCESS'),
(12, '::1', '2023-12-16 06:32:50', 'SUCCESS'),
(12, '::1', '2023-12-16 06:34:44', 'SUCCESS'),
(12, '::1', '2023-12-18 09:43:18', 'SUCCESS'),
(12, '::1', '2023-12-27 05:20:30', 'FAILURE'),
(12, '::1', '2023-12-27 05:20:39', 'SUCCESS'),
(13, '::1', '2023-12-18 09:49:58', 'SUCCESS'),
(13, '::1', '2023-12-25 15:44:03', 'SUCCESS');

-- --------------------------------------------------------

--
-- Table structure for table `pms`
--

CREATE TABLE `pms` (
  `pm_id` int(11) NOT NULL,
  `sender` int(11) NOT NULL,
  `receiver` int(11) NOT NULL,
  `time` timestamp NOT NULL DEFAULT current_timestamp(),
  `subject` varchar(300) DEFAULT NULL,
  `msg` text NOT NULL,
  `read_time` timestamp NULL DEFAULT current_timestamp()
) ENGINE=InnoDB DEFAULT CHARSET=latin1 COLLATE=latin1_swedish_ci;

-- --------------------------------------------------------

--
-- Table structure for table `posts`
--

CREATE TABLE `posts` (
  `post_id` int(11) NOT NULL,
  `soc_id` int(11) NOT NULL,
  `user_id` int(11) NOT NULL,
  `status` enum('NORMAL','DELETED','LOCKED','STICKIED') NOT NULL DEFAULT 'NORMAL',
  `title` varchar(300) NOT NULL,
  `text` text DEFAULT NULL,
  `time` timestamp NOT NULL DEFAULT current_timestamp()
) ENGINE=InnoDB DEFAULT CHARSET=latin1 COLLATE=latin1_swedish_ci;

--
-- Dumping data for table `posts`
--

INSERT INTO `posts` (`post_id`, `soc_id`, `user_id`, `status`, `title`, `text`, `time`) VALUES
(28, 13, 10, 'NORMAL', 'announcements has been created', 'Ok, great!', '2023-12-16 06:19:44'),
(29, 14, 11, 'STICKIED', 'prome has been created', 'Ok, great!', '2023-12-16 06:22:44'),
(30, 14, 11, 'NORMAL', 'thewz', 'meow meow meow meow meow meow', '2023-12-16 06:23:31'),
(32, 16, 12, 'NORMAL', 'Un Poco Loco has been created', 'Ok, great!', '2023-12-27 05:56:16'),
(33, 16, 12, 'NORMAL', 'what color is the sky', 'ai mi amor ay mi amor', '2023-12-27 06:01:59');

-- --------------------------------------------------------

--
-- Table structure for table `post_control_log`
--

CREATE TABLE `post_control_log` (
  `log_id` int(11) NOT NULL,
  `post_id` int(11) NOT NULL,
  `mod_id` int(11) NOT NULL,
  `action` enum('DELETE','UNDELETE','STICKY','UNSTICKY') NOT NULL,
  `comment` varchar(300) DEFAULT NULL,
  `time` timestamp NOT NULL DEFAULT current_timestamp()
) ENGINE=InnoDB DEFAULT CHARSET=latin1 COLLATE=latin1_swedish_ci;

--
-- Dumping data for table `post_control_log`
--

INSERT INTO `post_control_log` (`log_id`, `post_id`, `mod_id`, `action`, `comment`, `time`) VALUES
(8, 29, 10, 'STICKY', NULL, '2023-12-18 10:03:24');

-- --------------------------------------------------------

--
-- Table structure for table `post_reports`
--

CREATE TABLE `post_reports` (
  `report_id` int(11) NOT NULL,
  `post_id` int(11) NOT NULL
) ENGINE=InnoDB DEFAULT CHARSET=latin1 COLLATE=latin1_swedish_ci;

-- --------------------------------------------------------

--
-- Table structure for table `post_subs`
--

CREATE TABLE `post_subs` (
  `post_id` int(11) NOT NULL,
  `user_id` int(11) NOT NULL,
  `time` int(11) NOT NULL
) ENGINE=InnoDB DEFAULT CHARSET=latin1 COLLATE=latin1_swedish_ci;

-- --------------------------------------------------------

--
-- Table structure for table `post_views`
--

CREATE TABLE `post_views` (
  `post_id` int(11) NOT NULL,
  `user_id` int(11) NOT NULL,
  `time` timestamp NOT NULL DEFAULT current_timestamp()
) ENGINE=InnoDB DEFAULT CHARSET=latin1 COLLATE=latin1_swedish_ci;

--
-- Dumping data for table `post_views`
--

INSERT INTO `post_views` (`post_id`, `user_id`, `time`) VALUES
(28, 10, '2023-12-18 10:01:07'),
(28, 10, '2023-12-18 10:01:16'),
(28, 10, '2023-12-18 10:14:08'),
(28, 10, '2023-12-18 10:18:03'),
(28, 11, '2023-12-18 09:17:30'),
(29, 10, '2023-12-18 09:53:48'),
(29, 10, '2023-12-18 09:58:58'),
(29, 10, '2023-12-18 09:59:01'),
(29, 10, '2023-12-18 09:59:30'),
(29, 10, '2023-12-18 09:59:58'),
(29, 10, '2023-12-18 10:01:27'),
(29, 10, '2023-12-18 10:03:35'),
(29, 10, '2023-12-18 10:04:31'),
(29, 10, '2023-12-18 10:05:32'),
(29, 10, '2023-12-18 10:06:05'),
(29, 10, '2023-12-18 10:10:39'),
(29, 10, '2023-12-18 10:10:56'),
(29, 10, '2023-12-18 10:18:11'),
(29, 11, '2023-12-16 06:24:04'),
(29, 11, '2023-12-16 06:24:19'),
(29, 11, '2023-12-16 06:25:03'),
(29, 11, '2023-12-16 06:25:22'),
(29, 12, '2023-12-16 06:27:39'),
(29, 12, '2023-12-16 06:27:56'),
(29, 12, '2023-12-16 06:28:16'),
(29, 12, '2023-12-16 06:29:19'),
(29, 12, '2023-12-27 05:36:45'),
(29, 12, '2023-12-27 05:59:14'),
(29, 12, '2023-12-27 05:59:46'),
(30, 11, '2023-12-18 09:01:31'),
(30, 12, '2023-12-27 05:59:24'),
(33, 12, '2023-12-27 06:02:02'),
(33, 12, '2023-12-27 06:02:17'),
(33, 12, '2023-12-27 06:03:03');

-- --------------------------------------------------------

--
-- Table structure for table `post_votes`
--

CREATE TABLE `post_votes` (
  `post_id` int(11) NOT NULL,
  `user_id` int(11) NOT NULL,
  `vote` enum('UP','DOWN') NOT NULL,
  `time` timestamp NOT NULL DEFAULT current_timestamp()
) ENGINE=InnoDB DEFAULT CHARSET=latin1 COLLATE=latin1_swedish_ci;

-- --------------------------------------------------------

--
-- Table structure for table `reports`
--

CREATE TABLE `reports` (
  `report_id` int(11) NOT NULL,
  `user_id` int(11) NOT NULL,
  `time` timestamp NOT NULL DEFAULT current_timestamp(),
  `reason` text NOT NULL
) ENGINE=InnoDB DEFAULT CHARSET=latin1 COLLATE=latin1_swedish_ci;

--
-- Dumping data for table `reports`
--

INSERT INTO `reports` (`report_id`, `user_id`, `time`, `reason`) VALUES
(7, 11, '2023-12-16 06:25:22', 'bad');

-- --------------------------------------------------------

--
-- Table structure for table `societies`
--

CREATE TABLE `societies` (
  `soc_id` int(11) NOT NULL,
  `soc_name` varchar(50) NOT NULL,
  `created_by` int(11) NOT NULL,
  `date_created` timestamp NOT NULL DEFAULT current_timestamp(),
  `status` enum('NORMAL','DELETED','LOCKED') NOT NULL DEFAULT 'NORMAL',
  `rev_id` int(11) DEFAULT NULL
) ENGINE=InnoDB DEFAULT CHARSET=latin1 COLLATE=latin1_swedish_ci;

--
-- Dumping data for table `societies`
--

INSERT INTO `societies` (`soc_id`, `soc_name`, `created_by`, `date_created`, `status`, `rev_id`) VALUES
(13, 'announcements', 10, '2023-12-16 06:19:43', 'NORMAL', 9),
(14, 'prome', 11, '2023-12-16 06:22:44', 'NORMAL', 15),
(16, 'Un Poco Loco', 12, '2023-12-27 05:56:16', 'NORMAL', NULL);

-- --------------------------------------------------------

--
-- Table structure for table `soc_bans`
--

CREATE TABLE `soc_bans` (
  `soc_id` int(11) NOT NULL,
  `user_id` int(11) NOT NULL,
  `time` timestamp NOT NULL DEFAULT current_timestamp()
) ENGINE=InnoDB DEFAULT CHARSET=latin1 COLLATE=latin1_swedish_ci;

-- --------------------------------------------------------

--
-- Table structure for table `soc_control_admin_log`
--

CREATE TABLE `soc_control_admin_log` (
  `log_id` int(11) NOT NULL,
  `admin_id` int(11) NOT NULL,
  `soc_id` int(11) NOT NULL,
  `action` enum('DELETE','UNDELETE','LOCK','UNLOCK') NOT NULL,
  `comment` varchar(300) DEFAULT NULL,
  `time` timestamp NOT NULL DEFAULT current_timestamp()
) ENGINE=InnoDB DEFAULT CHARSET=latin1 COLLATE=latin1_swedish_ci;

-- --------------------------------------------------------

--
-- Table structure for table `soc_details`
--

CREATE TABLE `soc_details` (
  `rev_id` int(11) NOT NULL,
  `soc_id` int(11) NOT NULL,
  `time` timestamp NOT NULL DEFAULT current_timestamp(),
  `revised_by` int(11) NOT NULL,
  `info` text NOT NULL
) ENGINE=InnoDB DEFAULT CHARSET=latin1 COLLATE=latin1_swedish_ci;

--
-- Dumping data for table `soc_details`
--

INSERT INTO `soc_details` (`rev_id`, `soc_id`, `time`, `revised_by`, `info`) VALUES
(9, 13, '2023-12-16 06:19:43', 10, 'announcements'),
(10, 14, '2023-12-16 06:22:44', 11, 'prome'),
(11, 14, '2023-12-18 09:03:09', 11, 'Prome'),
(12, 14, '2023-12-18 09:05:10', 11, 'We be doing web programming.'),
(13, 14, '2023-12-18 09:20:29', 11, 'cute puppies'),
(14, 14, '2023-12-18 09:23:19', 11, 'cute puppies'),
(15, 14, '2023-12-18 09:40:47', 11, 'cute tania'),
(17, 16, '2023-12-27 05:56:16', 12, 'Un Poco Loco');

-- --------------------------------------------------------

--
-- Table structure for table `soc_mods`
--

CREATE TABLE `soc_mods` (
  `soc_id` int(11) NOT NULL,
  `user_id` int(11) NOT NULL,
  `time` timestamp NOT NULL DEFAULT current_timestamp()
) ENGINE=InnoDB DEFAULT CHARSET=latin1 COLLATE=latin1_swedish_ci;

-- --------------------------------------------------------

--
-- Table structure for table `soc_reports`
--

CREATE TABLE `soc_reports` (
  `report_id` int(11) NOT NULL,
  `soc_id` int(11) NOT NULL
) ENGINE=InnoDB DEFAULT CHARSET=latin1 COLLATE=latin1_swedish_ci;

-- --------------------------------------------------------

--
-- Table structure for table `soc_subs`
--

CREATE TABLE `soc_subs` (
  `soc_id` int(11) NOT NULL,
  `user_id` int(11) NOT NULL,
  `time` timestamp NOT NULL DEFAULT current_timestamp()
) ENGINE=InnoDB DEFAULT CHARSET=latin1 COLLATE=latin1_swedish_ci;

--
-- Dumping data for table `soc_subs`
--

INSERT INTO `soc_subs` (`soc_id`, `user_id`, `time`) VALUES
(13, 10, '2023-12-16 06:19:43'),
(13, 11, '2023-12-16 06:21:06'),
(13, 12, '2023-12-16 06:27:02'),
(13, 13, '2023-12-18 09:52:33'),
(14, 10, '2023-12-18 10:04:48'),
(14, 11, '2023-12-16 06:25:54'),
(14, 12, '2023-12-18 09:43:44'),
(14, 13, '2023-12-18 09:51:12'),
(16, 12, '2023-12-27 06:00:34');

-- --------------------------------------------------------

--
-- Table structure for table `soc_views`
--

CREATE TABLE `soc_views` (
  `soc_id` int(11) NOT NULL,
  `user_id` int(11) NOT NULL,
  `time` timestamp NOT NULL DEFAULT current_timestamp()
) ENGINE=InnoDB DEFAULT CHARSET=latin1 COLLATE=latin1_swedish_ci;

--
-- Dumping data for table `soc_views`
--

INSERT INTO `soc_views` (`soc_id`, `user_id`, `time`) VALUES
(13, 10, '2023-12-16 06:19:44'),
(14, 11, '2023-12-16 06:22:45'),
(14, 11, '2023-12-16 06:22:53'),
(14, 11, '2023-12-16 06:23:03'),
(14, 11, '2023-12-16 06:23:31'),
(14, 11, '2023-12-16 06:23:32'),
(14, 11, '2023-12-16 06:24:04'),
(14, 11, '2023-12-16 06:24:18'),
(14, 11, '2023-12-16 06:25:03'),
(14, 11, '2023-12-16 06:25:22'),
(14, 11, '2023-12-16 06:25:45'),
(14, 11, '2023-12-16 06:25:51'),
(14, 11, '2023-12-16 06:25:54'),
(14, 12, '2023-12-16 06:27:26'),
(14, 12, '2023-12-16 06:27:39'),
(14, 12, '2023-12-16 06:27:56'),
(14, 12, '2023-12-16 06:28:10'),
(14, 12, '2023-12-16 06:28:16'),
(14, 12, '2023-12-16 06:28:23'),
(14, 12, '2023-12-16 06:29:19'),
(14, 12, '2023-12-16 06:29:37'),
(14, 12, '2023-12-16 06:29:41'),
(14, 12, '2023-12-16 06:29:49'),
(14, 11, '2023-12-18 09:01:30'),
(14, 11, '2023-12-18 09:02:09'),
(14, 11, '2023-12-18 09:03:10'),
(14, 11, '2023-12-18 09:03:22'),
(14, 11, '2023-12-18 09:03:40'),
(14, 11, '2023-12-18 09:03:47'),
(14, 11, '2023-12-18 09:03:50'),
(14, 11, '2023-12-18 09:04:28'),
(14, 11, '2023-12-18 09:05:10'),
(14, 11, '2023-12-18 09:05:16'),
(13, 11, '2023-12-18 09:17:29'),
(13, 11, '2023-12-18 09:18:39'),
(13, 11, '2023-12-18 09:18:42'),
(13, 11, '2023-12-18 09:18:48'),
(13, 11, '2023-12-18 09:18:52'),
(13, 11, '2023-12-18 09:19:04'),
(13, 11, '2023-12-18 09:19:14'),
(13, 11, '2023-12-18 09:19:17'),
(13, 11, '2023-12-18 09:19:25'),
(13, 11, '2023-12-18 09:19:28'),
(13, 11, '2023-12-18 09:19:30'),
(13, 11, '2023-12-18 09:19:33'),
(13, 11, '2023-12-18 09:19:41'),
(14, 11, '2023-12-18 09:19:50'),
(14, 11, '2023-12-18 09:19:51'),
(14, 11, '2023-12-18 09:20:05'),
(14, 11, '2023-12-18 09:20:29'),
(14, 11, '2023-12-18 09:23:12'),
(14, 11, '2023-12-18 09:23:19'),
(14, 11, '2023-12-18 09:24:25'),
(14, 11, '2023-12-18 09:33:03'),
(14, 11, '2023-12-18 09:36:21'),
(14, 11, '2023-12-18 09:40:19'),
(14, 11, '2023-12-18 09:40:40'),
(14, 11, '2023-12-18 09:40:47'),
(14, 11, '2023-12-18 09:40:50'),
(14, 11, '2023-12-18 09:41:49'),
(14, 11, '2023-12-18 09:42:03'),
(14, 10, '2023-12-18 09:42:52'),
(14, 10, '2023-12-18 09:42:55'),
(14, 12, '2023-12-18 09:43:20'),
(14, 12, '2023-12-18 09:43:42'),
(14, 12, '2023-12-18 09:43:44'),
(14, 10, '2023-12-18 09:43:54'),
(14, 10, '2023-12-18 09:43:56'),
(14, 10, '2023-12-18 09:43:59'),
(14, 13, '2023-12-18 09:50:09'),
(14, 13, '2023-12-18 09:51:01'),
(14, 13, '2023-12-18 09:51:12'),
(13, 13, '2023-12-18 09:52:25'),
(13, 13, '2023-12-18 09:52:33'),
(13, 10, '2023-12-18 09:52:44'),
(13, 10, '2023-12-18 09:52:46'),
(13, 10, '2023-12-18 09:52:48'),
(13, 10, '2023-12-18 09:53:06'),
(13, 10, '2023-12-18 09:53:11'),
(14, 10, '2023-12-18 09:53:19'),
(14, 10, '2023-12-18 09:53:20'),
(14, 10, '2023-12-18 09:53:28'),
(14, 10, '2023-12-18 09:53:45'),
(14, 10, '2023-12-18 09:53:48'),
(14, 10, '2023-12-18 09:58:58'),
(14, 10, '2023-12-18 09:59:01'),
(14, 10, '2023-12-18 09:59:30'),
(14, 10, '2023-12-18 09:59:58'),
(14, 10, '2023-12-18 10:00:11'),
(14, 10, '2023-12-18 10:00:13'),
(14, 10, '2023-12-18 10:00:29'),
(14, 10, '2023-12-18 10:00:35'),
(13, 10, '2023-12-18 10:01:07'),
(13, 10, '2023-12-18 10:01:16'),
(14, 10, '2023-12-18 10:01:22'),
(14, 10, '2023-12-18 10:01:27'),
(14, 10, '2023-12-18 10:03:24'),
(14, 10, '2023-12-18 10:03:24'),
(14, 10, '2023-12-18 10:03:34'),
(14, 10, '2023-12-18 10:03:40'),
(14, 10, '2023-12-18 10:03:44'),
(14, 10, '2023-12-18 10:03:58'),
(14, 10, '2023-12-18 10:04:29'),
(14, 10, '2023-12-18 10:04:31'),
(14, 10, '2023-12-18 10:04:48'),
(14, 10, '2023-12-18 10:04:51'),
(14, 10, '2023-12-18 10:04:57'),
(14, 10, '2023-12-18 10:05:04'),
(14, 10, '2023-12-18 10:05:10'),
(14, 10, '2023-12-18 10:05:30'),
(14, 10, '2023-12-18 10:05:32'),
(14, 10, '2023-12-18 10:06:04'),
(14, 10, '2023-12-18 10:10:39'),
(14, 10, '2023-12-18 10:10:56'),
(14, 10, '2023-12-18 10:11:14'),
(13, 10, '2023-12-18 10:14:07'),
(13, 10, '2023-12-18 10:18:03'),
(14, 10, '2023-12-18 10:18:07'),
(14, 10, '2023-12-18 10:18:11'),
(13, 10, '2023-12-25 15:41:58'),
(14, 12, '2023-12-27 05:36:45'),
(16, 12, '2023-12-27 05:59:02'),
(14, 12, '2023-12-27 05:59:14'),
(14, 12, '2023-12-27 05:59:24'),
(16, 12, '2023-12-27 05:59:30'),
(14, 12, '2023-12-27 05:59:46'),
(14, 12, '2023-12-27 05:59:52'),
(16, 12, '2023-12-27 06:00:31'),
(16, 12, '2023-12-27 06:00:33'),
(16, 12, '2023-12-27 06:00:34'),
(16, 12, '2023-12-27 06:01:59'),
(16, 12, '2023-12-27 06:01:59'),
(16, 12, '2023-12-27 06:02:02'),
(16, 12, '2023-12-27 06:02:17'),
(16, 12, '2023-12-27 06:03:03');

-- --------------------------------------------------------

--
-- Table structure for table `users`
--

CREATE TABLE `users` (
  `user_id` int(11) NOT NULL,
  `username` varchar(20) NOT NULL,
  `password` varchar(255) NOT NULL,
  `status` enum('ADMIN','NORMAL','BANNED') NOT NULL DEFAULT 'NORMAL',
  `failed_logins` int(10) UNSIGNED NOT NULL DEFAULT 0,
  `join_date` timestamp NOT NULL DEFAULT current_timestamp(),
  `last_modified` timestamp NOT NULL DEFAULT current_timestamp() ON UPDATE current_timestamp()
) ENGINE=InnoDB DEFAULT CHARSET=latin1 COLLATE=latin1_swedish_ci;

--
-- Dumping data for table `users`
--

INSERT INTO `users` (`user_id`, `username`, `password`, `status`, `failed_logins`, `join_date`, `last_modified`) VALUES
(10, 'Tania', '$2y$10$ncfIEy8BZaDbjpRv8o2Qdu9T6toLQ1HvmURwDkyOoKySroihzA4t.', 'ADMIN', 0, '2023-12-16 06:17:02', '2023-12-16 06:17:02'),
(11, 'Ishmam', '$2y$10$QcAdU8u0XaDoXYgJo.iyKubrjhHCKQHWZGo/jSzImZt0Kkv/sBvNG', 'ADMIN', 0, '2023-12-16 06:21:05', '2023-12-16 06:42:30'),
(12, 'Spiderman', '$2y$10$HGi7npo5zwIqViua41sYPu7roZpOcYJjoC1rDC6/2lDstTyGh5Agi', 'NORMAL', 0, '2023-12-16 06:27:02', '2023-12-27 05:20:39'),
(13, 'Superman', '$2y$10$7f1EkenWH11zEnw8EVcXbOxvIuP/gXO2JzMxPcmcrfjpyN75ZlYm.', 'NORMAL', 0, '2023-12-18 09:44:50', '2023-12-18 09:44:50');

-- --------------------------------------------------------

--
-- Table structure for table `user_activity`
--

CREATE TABLE `user_activity` (
  `user_id` int(11) NOT NULL,
  `time` timestamp NOT NULL DEFAULT current_timestamp()
) ENGINE=InnoDB DEFAULT CHARSET=latin1 COLLATE=latin1_swedish_ci;

--
-- Dumping data for table `user_activity`
--

INSERT INTO `user_activity` (`user_id`, `time`) VALUES
(10, '2023-12-16 06:17:51'),
(10, '2023-12-16 06:17:51'),
(10, '2023-12-16 06:17:52'),
(10, '2023-12-16 06:18:00'),
(10, '2023-12-16 06:18:01'),
(10, '2023-12-16 06:18:01'),
(10, '2023-12-16 06:18:01'),
(10, '2023-12-16 06:18:01'),
(10, '2023-12-16 06:18:01'),
(10, '2023-12-16 06:18:43'),
(10, '2023-12-16 06:18:44'),
(10, '2023-12-16 06:18:44'),
(10, '2023-12-16 06:19:43'),
(10, '2023-12-16 06:19:43'),
(10, '2023-12-16 06:19:44'),
(10, '2023-12-16 06:19:44'),
(10, '2023-12-16 06:19:44'),
(10, '2023-12-16 06:19:44'),
(11, '2023-12-16 06:21:11'),
(11, '2023-12-16 06:21:11'),
(11, '2023-12-16 06:21:11'),
(11, '2023-12-16 06:22:43'),
(11, '2023-12-16 06:22:44'),
(11, '2023-12-16 06:22:45'),
(11, '2023-12-16 06:22:45'),
(11, '2023-12-16 06:22:45'),
(11, '2023-12-16 06:22:45'),
(11, '2023-12-16 06:22:53'),
(11, '2023-12-16 06:22:53'),
(11, '2023-12-16 06:22:53'),
(11, '2023-12-16 06:22:53'),
(11, '2023-12-16 06:23:03'),
(11, '2023-12-16 06:23:03'),
(11, '2023-12-16 06:23:03'),
(11, '2023-12-16 06:23:04'),
(11, '2023-12-16 06:23:31'),
(11, '2023-12-16 06:23:31'),
(11, '2023-12-16 06:23:31'),
(11, '2023-12-16 06:23:32'),
(11, '2023-12-16 06:23:32'),
(11, '2023-12-16 06:23:32'),
(11, '2023-12-16 06:23:32'),
(11, '2023-12-16 06:24:04'),
(11, '2023-12-16 06:24:04'),
(11, '2023-12-16 06:24:04'),
(11, '2023-12-16 06:24:04'),
(11, '2023-12-16 06:24:04'),
(11, '2023-12-16 06:24:05'),
(11, '2023-12-16 06:24:05'),
(11, '2023-12-16 06:24:05'),
(11, '2023-12-16 06:24:18'),
(11, '2023-12-16 06:24:18'),
(11, '2023-12-16 06:24:18'),
(11, '2023-12-16 06:24:18'),
(11, '2023-12-16 06:24:19'),
(11, '2023-12-16 06:24:19'),
(11, '2023-12-16 06:24:19'),
(11, '2023-12-16 06:24:19'),
(11, '2023-12-16 06:24:19'),
(11, '2023-12-16 06:25:03'),
(11, '2023-12-16 06:25:03'),
(11, '2023-12-16 06:25:03'),
(11, '2023-12-16 06:25:03'),
(11, '2023-12-16 06:25:03'),
(11, '2023-12-16 06:25:04'),
(11, '2023-12-16 06:25:04'),
(11, '2023-12-16 06:25:04'),
(11, '2023-12-16 06:25:04'),
(11, '2023-12-16 06:25:22'),
(11, '2023-12-16 06:25:22'),
(11, '2023-12-16 06:25:22'),
(11, '2023-12-16 06:25:22'),
(11, '2023-12-16 06:25:22'),
(11, '2023-12-16 06:25:23'),
(11, '2023-12-16 06:25:23'),
(11, '2023-12-16 06:25:23'),
(11, '2023-12-16 06:25:45'),
(11, '2023-12-16 06:25:45'),
(11, '2023-12-16 06:25:46'),
(11, '2023-12-16 06:25:46'),
(11, '2023-12-16 06:25:46'),
(11, '2023-12-16 06:25:51'),
(11, '2023-12-16 06:25:51'),
(11, '2023-12-16 06:25:51'),
(11, '2023-12-16 06:25:51'),
(11, '2023-12-16 06:25:54'),
(11, '2023-12-16 06:25:54'),
(11, '2023-12-16 06:25:54'),
(11, '2023-12-16 06:25:54'),
(11, '2023-12-16 06:25:54'),
(12, '2023-12-16 06:27:16'),
(12, '2023-12-16 06:27:16'),
(12, '2023-12-16 06:27:16'),
(12, '2023-12-16 06:27:26'),
(12, '2023-12-16 06:27:26'),
(12, '2023-12-16 06:27:26'),
(12, '2023-12-16 06:27:26'),
(12, '2023-12-16 06:27:39'),
(12, '2023-12-16 06:27:39'),
(12, '2023-12-16 06:27:39'),
(12, '2023-12-16 06:27:39'),
(12, '2023-12-16 06:27:39'),
(12, '2023-12-16 06:27:39'),
(12, '2023-12-16 06:27:40'),
(12, '2023-12-16 06:27:40'),
(12, '2023-12-16 06:27:56'),
(12, '2023-12-16 06:27:56'),
(12, '2023-12-16 06:27:56'),
(12, '2023-12-16 06:27:56'),
(12, '2023-12-16 06:27:56'),
(12, '2023-12-16 06:27:57'),
(12, '2023-12-16 06:27:57'),
(12, '2023-12-16 06:27:57'),
(12, '2023-12-16 06:27:57'),
(12, '2023-12-16 06:28:10'),
(12, '2023-12-16 06:28:10'),
(12, '2023-12-16 06:28:10'),
(12, '2023-12-16 06:28:10'),
(12, '2023-12-16 06:28:10'),
(12, '2023-12-16 06:28:16'),
(12, '2023-12-16 06:28:16'),
(12, '2023-12-16 06:28:16'),
(12, '2023-12-16 06:28:16'),
(12, '2023-12-16 06:28:16'),
(12, '2023-12-16 06:28:16'),
(12, '2023-12-16 06:28:16'),
(12, '2023-12-16 06:28:17'),
(12, '2023-12-16 06:28:23'),
(12, '2023-12-16 06:28:23'),
(12, '2023-12-16 06:28:23'),
(12, '2023-12-16 06:28:23'),
(12, '2023-12-16 06:28:23'),
(12, '2023-12-16 06:28:32'),
(12, '2023-12-16 06:28:32'),
(12, '2023-12-16 06:28:51'),
(12, '2023-12-16 06:28:51'),
(12, '2023-12-16 06:28:57'),
(12, '2023-12-16 06:28:57'),
(12, '2023-12-16 06:29:10'),
(12, '2023-12-16 06:29:11'),
(12, '2023-12-16 06:29:11'),
(12, '2023-12-16 06:29:19'),
(12, '2023-12-16 06:29:19'),
(12, '2023-12-16 06:29:19'),
(12, '2023-12-16 06:29:19'),
(12, '2023-12-16 06:29:19'),
(12, '2023-12-16 06:29:19'),
(12, '2023-12-16 06:29:19'),
(12, '2023-12-16 06:29:19'),
(12, '2023-12-16 06:29:36'),
(12, '2023-12-16 06:29:37'),
(12, '2023-12-16 06:29:37'),
(12, '2023-12-16 06:29:37'),
(12, '2023-12-16 06:29:40'),
(12, '2023-12-16 06:29:41'),
(12, '2023-12-16 06:29:41'),
(12, '2023-12-16 06:29:41'),
(12, '2023-12-16 06:29:49'),
(12, '2023-12-16 06:29:49'),
(12, '2023-12-16 06:29:49'),
(12, '2023-12-16 06:29:49'),
(12, '2023-12-16 06:30:01'),
(12, '2023-12-16 06:30:01'),
(12, '2023-12-16 06:30:09'),
(12, '2023-12-16 06:30:09'),
(12, '2023-12-16 06:31:12'),
(12, '2023-12-16 06:31:13'),
(12, '2023-12-16 06:31:23'),
(12, '2023-12-16 06:31:23'),
(12, '2023-12-16 06:31:29'),
(12, '2023-12-16 06:31:30'),
(12, '2023-12-16 06:31:30'),
(12, '2023-12-16 06:32:16'),
(12, '2023-12-16 06:32:16'),
(12, '2023-12-16 06:32:18'),
(12, '2023-12-16 06:32:18'),
(12, '2023-12-16 06:32:18'),
(12, '2023-12-16 06:32:50'),
(12, '2023-12-16 06:32:50'),
(12, '2023-12-16 06:32:50'),
(11, '2023-12-16 06:33:18'),
(11, '2023-12-16 06:33:18'),
(11, '2023-12-16 06:33:18'),
(11, '2023-12-16 06:33:25'),
(11, '2023-12-16 06:33:26'),
(11, '2023-12-16 06:33:33'),
(11, '2023-12-16 06:33:33'),
(11, '2023-12-16 06:33:36'),
(11, '2023-12-16 06:33:36'),
(11, '2023-12-16 06:33:57'),
(11, '2023-12-16 06:33:57'),
(11, '2023-12-16 06:33:57'),
(12, '2023-12-16 06:34:44'),
(12, '2023-12-16 06:34:45'),
(12, '2023-12-16 06:34:45'),
(12, '2023-12-16 06:34:47'),
(12, '2023-12-16 06:34:47'),
(12, '2023-12-16 06:34:49'),
(12, '2023-12-16 06:34:49'),
(12, '2023-12-16 06:34:50'),
(12, '2023-12-16 06:34:50'),
(12, '2023-12-16 06:34:50'),
(10, '2023-12-16 06:36:48'),
(10, '2023-12-16 06:36:48'),
(10, '2023-12-16 06:36:49'),
(10, '2023-12-16 06:36:53'),
(10, '2023-12-16 06:36:53'),
(10, '2023-12-16 06:36:58'),
(10, '2023-12-16 06:36:58'),
(10, '2023-12-16 06:36:59'),
(10, '2023-12-16 06:38:40'),
(10, '2023-12-16 06:38:41'),
(10, '2023-12-16 06:38:52'),
(10, '2023-12-16 06:38:52'),
(10, '2023-12-16 06:38:54'),
(10, '2023-12-16 06:38:54'),
(10, '2023-12-16 06:38:55'),
(10, '2023-12-16 06:38:55'),
(10, '2023-12-16 06:38:58'),
(10, '2023-12-16 06:38:58'),
(10, '2023-12-16 06:39:02'),
(10, '2023-12-16 06:39:02'),
(10, '2023-12-16 06:39:14'),
(10, '2023-12-16 06:39:14'),
(10, '2023-12-16 06:39:14'),
(10, '2023-12-16 06:39:14'),
(10, '2023-12-16 06:39:14'),
(10, '2023-12-16 06:39:14'),
(10, '2023-12-16 06:39:27'),
(10, '2023-12-16 06:39:27'),
(10, '2023-12-16 06:39:27'),
(10, '2023-12-16 06:39:27'),
(10, '2023-12-16 06:39:39'),
(10, '2023-12-16 06:39:40'),
(10, '2023-12-16 06:39:44'),
(10, '2023-12-16 06:39:44'),
(10, '2023-12-16 06:40:11'),
(10, '2023-12-16 06:40:11'),
(10, '2023-12-16 06:40:11'),
(10, '2023-12-16 06:40:11'),
(10, '2023-12-16 06:40:11'),
(10, '2023-12-16 06:40:11'),
(10, '2023-12-16 06:41:02'),
(10, '2023-12-16 06:41:03'),
(10, '2023-12-16 06:41:03'),
(10, '2023-12-16 06:41:03'),
(10, '2023-12-16 06:41:13'),
(10, '2023-12-16 06:41:14'),
(10, '2023-12-16 06:41:14'),
(10, '2023-12-16 06:41:14'),
(10, '2023-12-16 06:41:14'),
(10, '2023-12-16 06:41:14'),
(10, '2023-12-16 06:41:21'),
(10, '2023-12-16 06:41:21'),
(10, '2023-12-16 06:41:21'),
(10, '2023-12-16 06:41:21'),
(10, '2023-12-16 06:41:30'),
(10, '2023-12-16 06:41:30'),
(10, '2023-12-16 06:41:30'),
(10, '2023-12-16 06:41:30'),
(10, '2023-12-16 06:41:30'),
(10, '2023-12-16 06:41:30'),
(10, '2023-12-16 06:41:32'),
(10, '2023-12-16 06:41:32'),
(10, '2023-12-16 06:42:29'),
(10, '2023-12-16 06:42:30'),
(10, '2023-12-16 06:42:30'),
(10, '2023-12-16 06:42:30'),
(11, '2023-12-16 06:42:50'),
(11, '2023-12-16 06:42:50'),
(11, '2023-12-16 06:42:51'),
(11, '2023-12-16 06:42:56'),
(11, '2023-12-16 06:42:56'),
(11, '2023-12-16 06:42:56'),
(11, '2023-12-16 06:42:56'),
(11, '2023-12-16 06:42:56'),
(11, '2023-12-16 06:42:56'),
(11, '2023-12-18 08:54:01'),
(11, '2023-12-18 08:54:01'),
(11, '2023-12-18 08:54:01'),
(11, '2023-12-18 09:01:29'),
(11, '2023-12-18 09:01:30'),
(11, '2023-12-18 09:01:30'),
(11, '2023-12-18 09:01:30'),
(11, '2023-12-18 09:01:31'),
(11, '2023-12-18 09:01:31'),
(11, '2023-12-18 09:01:31'),
(11, '2023-12-18 09:01:31'),
(11, '2023-12-18 09:02:09'),
(11, '2023-12-18 09:02:09'),
(11, '2023-12-18 09:02:09'),
(11, '2023-12-18 09:02:10'),
(11, '2023-12-18 09:03:09'),
(11, '2023-12-18 09:03:09'),
(11, '2023-12-18 09:03:10'),
(11, '2023-12-18 09:03:10'),
(11, '2023-12-18 09:03:10'),
(11, '2023-12-18 09:03:10'),
(11, '2023-12-18 09:03:22'),
(11, '2023-12-18 09:03:22'),
(11, '2023-12-18 09:03:22'),
(11, '2023-12-18 09:03:22'),
(11, '2023-12-18 09:03:39'),
(11, '2023-12-18 09:03:40'),
(11, '2023-12-18 09:03:40'),
(11, '2023-12-18 09:03:40'),
(11, '2023-12-18 09:03:46'),
(11, '2023-12-18 09:03:46'),
(11, '2023-12-18 09:03:47'),
(11, '2023-12-18 09:03:47'),
(11, '2023-12-18 09:03:50'),
(11, '2023-12-18 09:03:50'),
(11, '2023-12-18 09:03:50'),
(11, '2023-12-18 09:03:50'),
(11, '2023-12-18 09:04:28'),
(11, '2023-12-18 09:04:28'),
(11, '2023-12-18 09:04:28'),
(11, '2023-12-18 09:04:29'),
(11, '2023-12-18 09:05:10'),
(11, '2023-12-18 09:05:10'),
(11, '2023-12-18 09:05:10'),
(11, '2023-12-18 09:05:10'),
(11, '2023-12-18 09:05:10'),
(11, '2023-12-18 09:05:11'),
(11, '2023-12-18 09:05:16'),
(11, '2023-12-18 09:05:16'),
(11, '2023-12-18 09:05:16'),
(11, '2023-12-18 09:05:16'),
(11, '2023-12-18 09:08:13'),
(11, '2023-12-18 09:08:13'),
(11, '2023-12-18 09:08:14'),
(11, '2023-12-18 09:09:18'),
(11, '2023-12-18 09:09:18'),
(11, '2023-12-18 09:09:18'),
(11, '2023-12-18 09:09:20'),
(11, '2023-12-18 09:09:29'),
(11, '2023-12-18 09:13:53'),
(11, '2023-12-18 09:13:53'),
(11, '2023-12-18 09:13:53'),
(11, '2023-12-18 09:14:10'),
(11, '2023-12-18 09:14:10'),
(11, '2023-12-18 09:14:10'),
(11, '2023-12-18 09:14:15'),
(11, '2023-12-18 09:14:15'),
(11, '2023-12-18 09:14:15'),
(11, '2023-12-18 09:14:17'),
(11, '2023-12-18 09:14:17'),
(11, '2023-12-18 09:14:18'),
(11, '2023-12-18 09:15:04'),
(11, '2023-12-18 09:15:04'),
(11, '2023-12-18 09:15:04'),
(11, '2023-12-18 09:15:15'),
(11, '2023-12-18 09:16:46'),
(11, '2023-12-18 09:16:46'),
(11, '2023-12-18 09:16:46'),
(11, '2023-12-18 09:16:49'),
(11, '2023-12-18 09:17:05'),
(11, '2023-12-18 09:17:06'),
(11, '2023-12-18 09:17:06'),
(11, '2023-12-18 09:17:08'),
(11, '2023-12-18 09:17:09'),
(11, '2023-12-18 09:17:12'),
(11, '2023-12-18 09:17:14'),
(11, '2023-12-18 09:17:15'),
(11, '2023-12-18 09:17:16'),
(11, '2023-12-18 09:17:19'),
(11, '2023-12-18 09:17:20'),
(11, '2023-12-18 09:17:23'),
(11, '2023-12-18 09:17:24'),
(11, '2023-12-18 09:17:26'),
(11, '2023-12-18 09:17:29'),
(11, '2023-12-18 09:17:29'),
(11, '2023-12-18 09:17:30'),
(11, '2023-12-18 09:17:30'),
(11, '2023-12-18 09:17:30'),
(11, '2023-12-18 09:17:30'),
(11, '2023-12-18 09:17:30'),
(11, '2023-12-18 09:17:30'),
(11, '2023-12-18 09:17:34'),
(11, '2023-12-18 09:17:34'),
(11, '2023-12-18 09:17:34'),
(11, '2023-12-18 09:17:37'),
(11, '2023-12-18 09:17:38'),
(11, '2023-12-18 09:17:39'),
(11, '2023-12-18 09:17:40'),
(11, '2023-12-18 09:17:44'),
(11, '2023-12-18 09:17:44'),
(11, '2023-12-18 09:17:45'),
(11, '2023-12-18 09:18:17'),
(11, '2023-12-18 09:18:17'),
(11, '2023-12-18 09:18:33'),
(11, '2023-12-18 09:18:33'),
(11, '2023-12-18 09:18:33'),
(11, '2023-12-18 09:18:39'),
(11, '2023-12-18 09:18:39'),
(11, '2023-12-18 09:18:39'),
(11, '2023-12-18 09:18:39'),
(11, '2023-12-18 09:18:42'),
(11, '2023-12-18 09:18:42'),
(11, '2023-12-18 09:18:42'),
(11, '2023-12-18 09:18:43'),
(11, '2023-12-18 09:18:43'),
(11, '2023-12-18 09:18:43'),
(11, '2023-12-18 09:18:43'),
(11, '2023-12-18 09:18:43'),
(11, '2023-12-18 09:18:43'),
(11, '2023-12-18 09:18:48'),
(11, '2023-12-18 09:18:48'),
(11, '2023-12-18 09:18:48'),
(11, '2023-12-18 09:18:48'),
(11, '2023-12-18 09:18:52'),
(11, '2023-12-18 09:18:52'),
(11, '2023-12-18 09:18:52'),
(11, '2023-12-18 09:18:52'),
(11, '2023-12-18 09:18:52'),
(11, '2023-12-18 09:18:52'),
(11, '2023-12-18 09:18:53'),
(11, '2023-12-18 09:18:53'),
(11, '2023-12-18 09:18:53'),
(11, '2023-12-18 09:19:04'),
(11, '2023-12-18 09:19:04'),
(11, '2023-12-18 09:19:04'),
(11, '2023-12-18 09:19:04'),
(11, '2023-12-18 09:19:04'),
(11, '2023-12-18 09:19:14'),
(11, '2023-12-18 09:19:14'),
(11, '2023-12-18 09:19:14'),
(11, '2023-12-18 09:19:15'),
(11, '2023-12-18 09:19:15'),
(11, '2023-12-18 09:19:17'),
(11, '2023-12-18 09:19:17'),
(11, '2023-12-18 09:19:17'),
(11, '2023-12-18 09:19:17'),
(11, '2023-12-18 09:19:17'),
(11, '2023-12-18 09:19:17'),
(11, '2023-12-18 09:19:17'),
(11, '2023-12-18 09:19:25'),
(11, '2023-12-18 09:19:25'),
(11, '2023-12-18 09:19:25'),
(11, '2023-12-18 09:19:25'),
(11, '2023-12-18 09:19:25'),
(11, '2023-12-18 09:19:27'),
(11, '2023-12-18 09:19:28'),
(11, '2023-12-18 09:19:28'),
(11, '2023-12-18 09:19:28'),
(11, '2023-12-18 09:19:28'),
(11, '2023-12-18 09:19:30'),
(11, '2023-12-18 09:19:30'),
(11, '2023-12-18 09:19:30'),
(11, '2023-12-18 09:19:31'),
(11, '2023-12-18 09:19:31'),
(11, '2023-12-18 09:19:33'),
(11, '2023-12-18 09:19:33'),
(11, '2023-12-18 09:19:33'),
(11, '2023-12-18 09:19:33'),
(11, '2023-12-18 09:19:33'),
(11, '2023-12-18 09:19:40'),
(11, '2023-12-18 09:19:41'),
(11, '2023-12-18 09:19:41'),
(11, '2023-12-18 09:19:41'),
(11, '2023-12-18 09:19:46'),
(11, '2023-12-18 09:19:46'),
(11, '2023-12-18 09:19:47'),
(11, '2023-12-18 09:19:49'),
(11, '2023-12-18 09:19:49'),
(11, '2023-12-18 09:19:50'),
(11, '2023-12-18 09:19:50'),
(11, '2023-12-18 09:19:51'),
(11, '2023-12-18 09:19:51'),
(11, '2023-12-18 09:19:51'),
(11, '2023-12-18 09:19:51'),
(11, '2023-12-18 09:19:51'),
(11, '2023-12-18 09:19:51'),
(11, '2023-12-18 09:19:51'),
(11, '2023-12-18 09:19:51'),
(11, '2023-12-18 09:19:51'),
(11, '2023-12-18 09:20:05'),
(11, '2023-12-18 09:20:05'),
(11, '2023-12-18 09:20:05'),
(11, '2023-12-18 09:20:05'),
(11, '2023-12-18 09:20:29'),
(11, '2023-12-18 09:20:29'),
(11, '2023-12-18 09:20:29'),
(11, '2023-12-18 09:20:29'),
(11, '2023-12-18 09:20:29'),
(11, '2023-12-18 09:20:29'),
(11, '2023-12-18 09:23:12'),
(11, '2023-12-18 09:23:12'),
(11, '2023-12-18 09:23:12'),
(11, '2023-12-18 09:23:12'),
(11, '2023-12-18 09:23:19'),
(11, '2023-12-18 09:23:19'),
(11, '2023-12-18 09:23:19'),
(11, '2023-12-18 09:23:19'),
(11, '2023-12-18 09:23:19'),
(11, '2023-12-18 09:23:19'),
(11, '2023-12-18 09:24:25'),
(11, '2023-12-18 09:24:25'),
(11, '2023-12-18 09:24:25'),
(11, '2023-12-18 09:24:25'),
(11, '2023-12-18 09:33:03'),
(11, '2023-12-18 09:33:03'),
(11, '2023-12-18 09:33:03'),
(11, '2023-12-18 09:33:03'),
(11, '2023-12-18 09:36:21'),
(11, '2023-12-18 09:36:21'),
(11, '2023-12-18 09:36:21'),
(11, '2023-12-18 09:36:21'),
(11, '2023-12-18 09:40:19'),
(11, '2023-12-18 09:40:19'),
(11, '2023-12-18 09:40:19'),
(11, '2023-12-18 09:40:19'),
(11, '2023-12-18 09:40:40'),
(11, '2023-12-18 09:40:40'),
(11, '2023-12-18 09:40:40'),
(11, '2023-12-18 09:40:40'),
(11, '2023-12-18 09:40:47'),
(11, '2023-12-18 09:40:47'),
(11, '2023-12-18 09:40:47'),
(11, '2023-12-18 09:40:47'),
(11, '2023-12-18 09:40:47'),
(11, '2023-12-18 09:40:47'),
(11, '2023-12-18 09:40:50'),
(11, '2023-12-18 09:40:50'),
(11, '2023-12-18 09:40:50'),
(11, '2023-12-18 09:40:50'),
(11, '2023-12-18 09:41:48'),
(11, '2023-12-18 09:41:49'),
(11, '2023-12-18 09:41:49'),
(11, '2023-12-18 09:41:49'),
(11, '2023-12-18 09:41:49'),
(11, '2023-12-18 09:41:49'),
(11, '2023-12-18 09:41:49'),
(11, '2023-12-18 09:41:49'),
(11, '2023-12-18 09:41:49'),
(11, '2023-12-18 09:42:03'),
(11, '2023-12-18 09:42:03'),
(11, '2023-12-18 09:42:04'),
(11, '2023-12-18 09:42:04'),
(11, '2023-12-18 09:42:04'),
(11, '2023-12-18 09:42:04'),
(11, '2023-12-18 09:42:04'),
(11, '2023-12-18 09:42:04'),
(11, '2023-12-18 09:42:33'),
(11, '2023-12-18 09:42:33'),
(10, '2023-12-18 09:42:47'),
(10, '2023-12-18 09:42:47'),
(10, '2023-12-18 09:42:47'),
(10, '2023-12-18 09:42:52'),
(10, '2023-12-18 09:42:52'),
(10, '2023-12-18 09:42:52'),
(10, '2023-12-18 09:42:53'),
(10, '2023-12-18 09:42:55'),
(10, '2023-12-18 09:42:55'),
(10, '2023-12-18 09:42:55'),
(10, '2023-12-18 09:42:55'),
(10, '2023-12-18 09:42:55'),
(10, '2023-12-18 09:42:55'),
(10, '2023-12-18 09:42:55'),
(10, '2023-12-18 09:42:55'),
(10, '2023-12-18 09:42:55'),
(10, '2023-12-18 09:43:07'),
(10, '2023-12-18 09:43:08'),
(12, '2023-12-18 09:43:18'),
(12, '2023-12-18 09:43:18'),
(12, '2023-12-18 09:43:18'),
(12, '2023-12-18 09:43:20'),
(12, '2023-12-18 09:43:20'),
(12, '2023-12-18 09:43:20'),
(12, '2023-12-18 09:43:20'),
(12, '2023-12-18 09:43:42'),
(12, '2023-12-18 09:43:42'),
(12, '2023-12-18 09:43:42'),
(12, '2023-12-18 09:43:42'),
(12, '2023-12-18 09:43:42'),
(12, '2023-12-18 09:43:44'),
(12, '2023-12-18 09:43:44'),
(12, '2023-12-18 09:43:44'),
(12, '2023-12-18 09:43:44'),
(12, '2023-12-18 09:43:44'),
(10, '2023-12-18 09:43:50'),
(10, '2023-12-18 09:43:50'),
(10, '2023-12-18 09:43:50'),
(10, '2023-12-18 09:43:54'),
(10, '2023-12-18 09:43:54'),
(10, '2023-12-18 09:43:54'),
(10, '2023-12-18 09:43:54'),
(10, '2023-12-18 09:43:55'),
(10, '2023-12-18 09:43:56'),
(10, '2023-12-18 09:43:56'),
(10, '2023-12-18 09:43:56'),
(10, '2023-12-18 09:43:56'),
(10, '2023-12-18 09:43:56'),
(10, '2023-12-18 09:43:56'),
(10, '2023-12-18 09:43:56'),
(10, '2023-12-18 09:43:56'),
(10, '2023-12-18 09:43:59'),
(10, '2023-12-18 09:43:59'),
(10, '2023-12-18 09:43:59'),
(10, '2023-12-18 09:43:59'),
(10, '2023-12-18 09:43:59'),
(10, '2023-12-18 09:43:59'),
(10, '2023-12-18 09:43:59'),
(10, '2023-12-18 09:44:00'),
(13, '2023-12-18 09:49:58'),
(13, '2023-12-18 09:49:58'),
(13, '2023-12-18 09:49:58'),
(13, '2023-12-18 09:50:01'),
(13, '2023-12-18 09:50:01'),
(13, '2023-12-18 09:50:08'),
(13, '2023-12-18 09:50:08'),
(13, '2023-12-18 09:50:08'),
(13, '2023-12-18 09:50:09'),
(13, '2023-12-18 09:50:09'),
(13, '2023-12-18 09:50:09'),
(13, '2023-12-18 09:50:10'),
(13, '2023-12-18 09:50:13'),
(13, '2023-12-18 09:50:13'),
(13, '2023-12-18 09:50:13'),
(13, '2023-12-18 09:50:14'),
(13, '2023-12-18 09:50:15'),
(13, '2023-12-18 09:50:59'),
(13, '2023-12-18 09:50:59'),
(13, '2023-12-18 09:50:59'),
(13, '2023-12-18 09:51:01'),
(13, '2023-12-18 09:51:01'),
(13, '2023-12-18 09:51:01'),
(13, '2023-12-18 09:51:01'),
(13, '2023-12-18 09:51:12'),
(13, '2023-12-18 09:51:12'),
(13, '2023-12-18 09:51:12'),
(13, '2023-12-18 09:51:12'),
(13, '2023-12-18 09:51:12'),
(13, '2023-12-18 09:51:18'),
(13, '2023-12-18 09:51:18'),
(13, '2023-12-18 09:51:20'),
(13, '2023-12-18 09:51:20'),
(13, '2023-12-18 09:51:20'),
(13, '2023-12-18 09:51:23'),
(13, '2023-12-18 09:51:23'),
(13, '2023-12-18 09:52:25'),
(13, '2023-12-18 09:52:25'),
(13, '2023-12-18 09:52:25'),
(13, '2023-12-18 09:52:26'),
(13, '2023-12-18 09:52:33'),
(13, '2023-12-18 09:52:33'),
(13, '2023-12-18 09:52:33'),
(13, '2023-12-18 09:52:33'),
(13, '2023-12-18 09:52:33'),
(10, '2023-12-18 09:52:41'),
(10, '2023-12-18 09:52:42'),
(10, '2023-12-18 09:52:42'),
(10, '2023-12-18 09:52:44'),
(10, '2023-12-18 09:52:44'),
(10, '2023-12-18 09:52:44'),
(10, '2023-12-18 09:52:44'),
(10, '2023-12-18 09:52:45'),
(10, '2023-12-18 09:52:46'),
(10, '2023-12-18 09:52:46'),
(10, '2023-12-18 09:52:46'),
(10, '2023-12-18 09:52:46'),
(10, '2023-12-18 09:52:46'),
(10, '2023-12-18 09:52:46'),
(10, '2023-12-18 09:52:46'),
(10, '2023-12-18 09:52:46'),
(10, '2023-12-18 09:52:48'),
(10, '2023-12-18 09:52:48'),
(10, '2023-12-18 09:52:49'),
(10, '2023-12-18 09:52:49'),
(10, '2023-12-18 09:52:49'),
(10, '2023-12-18 09:52:49'),
(10, '2023-12-18 09:52:49'),
(10, '2023-12-18 09:52:49'),
(10, '2023-12-18 09:53:05'),
(10, '2023-12-18 09:53:06'),
(10, '2023-12-18 09:53:06'),
(10, '2023-12-18 09:53:06'),
(10, '2023-12-18 09:53:06'),
(10, '2023-12-18 09:53:10'),
(10, '2023-12-18 09:53:10'),
(10, '2023-12-18 09:53:11'),
(10, '2023-12-18 09:53:11'),
(10, '2023-12-18 09:53:11'),
(10, '2023-12-18 09:53:14'),
(10, '2023-12-18 09:53:14'),
(10, '2023-12-18 09:53:14'),
(10, '2023-12-18 09:53:14'),
(10, '2023-12-18 09:53:14'),
(10, '2023-12-18 09:53:14'),
(10, '2023-12-18 09:53:15'),
(10, '2023-12-18 09:53:15'),
(10, '2023-12-18 09:53:15'),
(10, '2023-12-18 09:53:19'),
(10, '2023-12-18 09:53:19'),
(10, '2023-12-18 09:53:19'),
(10, '2023-12-18 09:53:19'),
(10, '2023-12-18 09:53:20'),
(10, '2023-12-18 09:53:20'),
(10, '2023-12-18 09:53:20'),
(10, '2023-12-18 09:53:20'),
(10, '2023-12-18 09:53:21'),
(10, '2023-12-18 09:53:21'),
(10, '2023-12-18 09:53:21'),
(10, '2023-12-18 09:53:21'),
(10, '2023-12-18 09:53:21'),
(10, '2023-12-18 09:53:28'),
(10, '2023-12-18 09:53:28'),
(10, '2023-12-18 09:53:28'),
(10, '2023-12-18 09:53:28'),
(10, '2023-12-18 09:53:28'),
(10, '2023-12-18 09:53:45'),
(10, '2023-12-18 09:53:45'),
(10, '2023-12-18 09:53:45'),
(10, '2023-12-18 09:53:45'),
(10, '2023-12-18 09:53:47'),
(10, '2023-12-18 09:53:48'),
(10, '2023-12-18 09:53:48'),
(10, '2023-12-18 09:53:48'),
(10, '2023-12-18 09:53:48'),
(10, '2023-12-18 09:53:48'),
(10, '2023-12-18 09:53:48'),
(10, '2023-12-18 09:53:48'),
(10, '2023-12-18 09:54:34'),
(10, '2023-12-18 09:54:35'),
(10, '2023-12-18 09:58:57'),
(10, '2023-12-18 09:58:57'),
(10, '2023-12-18 09:58:58'),
(10, '2023-12-18 09:58:58'),
(10, '2023-12-18 09:58:58'),
(10, '2023-12-18 09:58:58'),
(10, '2023-12-18 09:58:58'),
(10, '2023-12-18 09:58:58'),
(10, '2023-12-18 09:59:01'),
(10, '2023-12-18 09:59:01'),
(10, '2023-12-18 09:59:01'),
(10, '2023-12-18 09:59:01'),
(10, '2023-12-18 09:59:01'),
(10, '2023-12-18 09:59:01'),
(10, '2023-12-18 09:59:01'),
(10, '2023-12-18 09:59:01'),
(10, '2023-12-18 09:59:29'),
(10, '2023-12-18 09:59:29'),
(10, '2023-12-18 09:59:29'),
(10, '2023-12-18 09:59:29'),
(10, '2023-12-18 09:59:29'),
(10, '2023-12-18 09:59:30'),
(10, '2023-12-18 09:59:30'),
(10, '2023-12-18 09:59:30'),
(10, '2023-12-18 09:59:30'),
(10, '2023-12-18 09:59:30'),
(10, '2023-12-18 09:59:30'),
(10, '2023-12-18 09:59:58'),
(10, '2023-12-18 09:59:58'),
(10, '2023-12-18 09:59:58'),
(10, '2023-12-18 09:59:58'),
(10, '2023-12-18 09:59:58'),
(10, '2023-12-18 09:59:58'),
(10, '2023-12-18 09:59:58'),
(10, '2023-12-18 09:59:58'),
(10, '2023-12-18 10:00:11'),
(10, '2023-12-18 10:00:11'),
(10, '2023-12-18 10:00:11'),
(10, '2023-12-18 10:00:11'),
(10, '2023-12-18 10:00:11'),
(10, '2023-12-18 10:00:11'),
(10, '2023-12-18 10:00:11'),
(10, '2023-12-18 10:00:11'),
(10, '2023-12-18 10:00:11'),
(10, '2023-12-18 10:00:13'),
(10, '2023-12-18 10:00:13'),
(10, '2023-12-18 10:00:13'),
(10, '2023-12-18 10:00:13'),
(10, '2023-12-18 10:00:13'),
(10, '2023-12-18 10:00:29'),
(10, '2023-12-18 10:00:29'),
(10, '2023-12-18 10:00:29'),
(10, '2023-12-18 10:00:29'),
(10, '2023-12-18 10:00:29'),
(10, '2023-12-18 10:00:35'),
(10, '2023-12-18 10:00:35'),
(10, '2023-12-18 10:00:35'),
(10, '2023-12-18 10:00:35'),
(10, '2023-12-18 10:00:35'),
(10, '2023-12-18 10:00:35'),
(10, '2023-12-18 10:00:35'),
(10, '2023-12-18 10:00:46'),
(10, '2023-12-18 10:00:46'),
(10, '2023-12-18 10:00:46'),
(10, '2023-12-18 10:01:07'),
(10, '2023-12-18 10:01:07'),
(10, '2023-12-18 10:01:07'),
(10, '2023-12-18 10:01:07'),
(10, '2023-12-18 10:01:07'),
(10, '2023-12-18 10:01:08'),
(10, '2023-12-18 10:01:08'),
(10, '2023-12-18 10:01:08'),
(10, '2023-12-18 10:01:16'),
(10, '2023-12-18 10:01:16'),
(10, '2023-12-18 10:01:16'),
(10, '2023-12-18 10:01:16'),
(10, '2023-12-18 10:01:16'),
(10, '2023-12-18 10:01:16'),
(10, '2023-12-18 10:01:16'),
(10, '2023-12-18 10:01:16'),
(10, '2023-12-18 10:01:20'),
(10, '2023-12-18 10:01:20'),
(10, '2023-12-18 10:01:20'),
(10, '2023-12-18 10:01:21'),
(10, '2023-12-18 10:01:22'),
(10, '2023-12-18 10:01:22'),
(10, '2023-12-18 10:01:22'),
(10, '2023-12-18 10:01:27'),
(10, '2023-12-18 10:01:27'),
(10, '2023-12-18 10:01:27'),
(10, '2023-12-18 10:01:27'),
(10, '2023-12-18 10:01:27'),
(10, '2023-12-18 10:01:27'),
(10, '2023-12-18 10:01:27'),
(10, '2023-12-18 10:01:28'),
(10, '2023-12-18 10:03:23'),
(10, '2023-12-18 10:03:24'),
(10, '2023-12-18 10:03:24'),
(10, '2023-12-18 10:03:24'),
(10, '2023-12-18 10:03:24'),
(10, '2023-12-18 10:03:24'),
(10, '2023-12-18 10:03:24'),
(10, '2023-12-18 10:03:24'),
(10, '2023-12-18 10:03:25'),
(10, '2023-12-18 10:03:25'),
(10, '2023-12-18 10:03:34'),
(10, '2023-12-18 10:03:34'),
(10, '2023-12-18 10:03:34'),
(10, '2023-12-18 10:03:35'),
(10, '2023-12-18 10:03:35'),
(10, '2023-12-18 10:03:35'),
(10, '2023-12-18 10:03:35'),
(10, '2023-12-18 10:03:35'),
(10, '2023-12-18 10:03:40'),
(10, '2023-12-18 10:03:40'),
(10, '2023-12-18 10:03:40'),
(10, '2023-12-18 10:03:40'),
(10, '2023-12-18 10:03:40'),
(10, '2023-12-18 10:03:40'),
(10, '2023-12-18 10:03:40'),
(10, '2023-12-18 10:03:40'),
(10, '2023-12-18 10:03:40'),
(10, '2023-12-18 10:03:44'),
(10, '2023-12-18 10:03:44'),
(10, '2023-12-18 10:03:44'),
(10, '2023-12-18 10:03:44'),
(10, '2023-12-18 10:03:44'),
(10, '2023-12-18 10:03:44'),
(10, '2023-12-18 10:03:44'),
(10, '2023-12-18 10:03:44'),
(10, '2023-12-18 10:03:57'),
(10, '2023-12-18 10:03:58'),
(10, '2023-12-18 10:03:58'),
(10, '2023-12-18 10:03:58'),
(10, '2023-12-18 10:03:58'),
(10, '2023-12-18 10:03:58'),
(10, '2023-12-18 10:03:58'),
(10, '2023-12-18 10:03:58'),
(10, '2023-12-18 10:03:58'),
(10, '2023-12-18 10:04:28'),
(10, '2023-12-18 10:04:29'),
(10, '2023-12-18 10:04:29'),
(10, '2023-12-18 10:04:29'),
(10, '2023-12-18 10:04:31'),
(10, '2023-12-18 10:04:31'),
(10, '2023-12-18 10:04:31'),
(10, '2023-12-18 10:04:31'),
(10, '2023-12-18 10:04:31'),
(10, '2023-12-18 10:04:31'),
(10, '2023-12-18 10:04:31'),
(10, '2023-12-18 10:04:31'),
(10, '2023-12-18 10:04:48'),
(10, '2023-12-18 10:04:48'),
(10, '2023-12-18 10:04:48'),
(10, '2023-12-18 10:04:48'),
(10, '2023-12-18 10:04:48'),
(10, '2023-12-18 10:04:51'),
(10, '2023-12-18 10:04:51'),
(10, '2023-12-18 10:04:51'),
(10, '2023-12-18 10:04:51'),
(10, '2023-12-18 10:04:56'),
(10, '2023-12-18 10:04:57'),
(10, '2023-12-18 10:04:57'),
(10, '2023-12-18 10:04:57'),
(10, '2023-12-18 10:04:57'),
(10, '2023-12-18 10:04:57'),
(10, '2023-12-18 10:04:57'),
(10, '2023-12-18 10:04:57'),
(10, '2023-12-18 10:04:57'),
(10, '2023-12-18 10:05:04'),
(10, '2023-12-18 10:05:04'),
(10, '2023-12-18 10:05:04'),
(10, '2023-12-18 10:05:04'),
(10, '2023-12-18 10:05:04'),
(10, '2023-12-18 10:05:04'),
(10, '2023-12-18 10:05:04'),
(10, '2023-12-18 10:05:04'),
(10, '2023-12-18 10:05:10'),
(10, '2023-12-18 10:05:10'),
(10, '2023-12-18 10:05:10'),
(10, '2023-12-18 10:05:10'),
(10, '2023-12-18 10:05:10'),
(10, '2023-12-18 10:05:10'),
(10, '2023-12-18 10:05:10'),
(10, '2023-12-18 10:05:10'),
(10, '2023-12-18 10:05:10'),
(10, '2023-12-18 10:05:29'),
(10, '2023-12-18 10:05:29'),
(10, '2023-12-18 10:05:30'),
(10, '2023-12-18 10:05:30'),
(10, '2023-12-18 10:05:31'),
(10, '2023-12-18 10:05:31'),
(10, '2023-12-18 10:05:32'),
(10, '2023-12-18 10:05:32'),
(10, '2023-12-18 10:05:32'),
(10, '2023-12-18 10:05:32'),
(10, '2023-12-18 10:05:32'),
(10, '2023-12-18 10:05:32'),
(10, '2023-12-18 10:06:04'),
(10, '2023-12-18 10:06:04'),
(10, '2023-12-18 10:06:05'),
(10, '2023-12-18 10:06:05'),
(10, '2023-12-18 10:06:05'),
(10, '2023-12-18 10:06:05'),
(10, '2023-12-18 10:06:05'),
(10, '2023-12-18 10:06:05'),
(10, '2023-12-18 10:06:07'),
(10, '2023-12-18 10:07:55'),
(10, '2023-12-18 10:08:30'),
(10, '2023-12-18 10:10:20'),
(10, '2023-12-18 10:10:29'),
(10, '2023-12-18 10:10:30'),
(10, '2023-12-18 10:10:31'),
(10, '2023-12-18 10:10:35'),
(10, '2023-12-18 10:10:36'),
(10, '2023-12-18 10:10:39'),
(10, '2023-12-18 10:10:39'),
(10, '2023-12-18 10:10:39'),
(10, '2023-12-18 10:10:39'),
(10, '2023-12-18 10:10:39'),
(10, '2023-12-18 10:10:39'),
(10, '2023-12-18 10:10:39'),
(10, '2023-12-18 10:10:39'),
(10, '2023-12-18 10:10:53'),
(10, '2023-12-18 10:10:54'),
(10, '2023-12-18 10:10:56'),
(10, '2023-12-18 10:10:56'),
(10, '2023-12-18 10:10:56'),
(10, '2023-12-18 10:10:56'),
(10, '2023-12-18 10:10:56'),
(10, '2023-12-18 10:10:56'),
(10, '2023-12-18 10:10:56'),
(10, '2023-12-18 10:10:56'),
(10, '2023-12-18 10:11:14'),
(10, '2023-12-18 10:11:14'),
(10, '2023-12-18 10:11:14'),
(10, '2023-12-18 10:11:14'),
(10, '2023-12-18 10:11:14'),
(10, '2023-12-18 10:11:14'),
(10, '2023-12-18 10:11:14'),
(10, '2023-12-18 10:11:14'),
(10, '2023-12-18 10:11:14'),
(10, '2023-12-18 10:12:06'),
(10, '2023-12-18 10:12:07'),
(10, '2023-12-18 10:12:08'),
(10, '2023-12-18 10:12:08'),
(10, '2023-12-18 10:12:10'),
(10, '2023-12-18 10:12:10'),
(10, '2023-12-18 10:12:19'),
(10, '2023-12-18 10:12:20'),
(10, '2023-12-18 10:12:21'),
(10, '2023-12-18 10:12:21'),
(10, '2023-12-18 10:12:40'),
(10, '2023-12-18 10:12:40'),
(10, '2023-12-18 10:12:41'),
(10, '2023-12-18 10:12:53'),
(10, '2023-12-18 10:12:53'),
(10, '2023-12-18 10:12:54'),
(10, '2023-12-18 10:12:54'),
(10, '2023-12-18 10:13:03'),
(10, '2023-12-18 10:13:03'),
(10, '2023-12-18 10:14:02'),
(10, '2023-12-18 10:14:02'),
(10, '2023-12-18 10:14:07'),
(10, '2023-12-18 10:14:07'),
(10, '2023-12-18 10:14:08'),
(10, '2023-12-18 10:14:08'),
(10, '2023-12-18 10:14:08'),
(10, '2023-12-18 10:14:08'),
(10, '2023-12-18 10:14:08'),
(10, '2023-12-18 10:14:08'),
(10, '2023-12-18 10:18:02'),
(10, '2023-12-18 10:18:02'),
(10, '2023-12-18 10:18:03'),
(10, '2023-12-18 10:18:03'),
(10, '2023-12-18 10:18:03'),
(10, '2023-12-18 10:18:03'),
(10, '2023-12-18 10:18:03'),
(10, '2023-12-18 10:18:03'),
(10, '2023-12-18 10:18:05'),
(10, '2023-12-18 10:18:05'),
(10, '2023-12-18 10:18:05'),
(10, '2023-12-18 10:18:07'),
(10, '2023-12-18 10:18:07'),
(10, '2023-12-18 10:18:08'),
(10, '2023-12-18 10:18:08'),
(10, '2023-12-18 10:18:10'),
(10, '2023-12-18 10:18:11'),
(10, '2023-12-18 10:18:11'),
(10, '2023-12-18 10:18:11'),
(10, '2023-12-18 10:18:11'),
(10, '2023-12-18 10:18:11'),
(10, '2023-12-18 10:18:11'),
(10, '2023-12-18 10:18:11'),
(10, '2023-12-24 17:48:17'),
(10, '2023-12-24 17:48:18'),
(10, '2023-12-24 17:48:18'),
(10, '2023-12-25 15:32:00'),
(10, '2023-12-25 15:32:00'),
(10, '2023-12-25 15:32:00'),
(10, '2023-12-25 15:35:05'),
(10, '2023-12-25 15:35:06'),
(10, '2023-12-25 15:35:06'),
(10, '2023-12-25 15:35:06'),
(10, '2023-12-25 15:41:35'),
(10, '2023-12-25 15:41:35'),
(10, '2023-12-25 15:41:36'),
(10, '2023-12-25 15:41:40'),
(10, '2023-12-25 15:41:41'),
(10, '2023-12-25 15:41:44'),
(10, '2023-12-25 15:41:44'),
(10, '2023-12-25 15:41:45'),
(10, '2023-12-25 15:41:53'),
(10, '2023-12-25 15:41:53'),
(10, '2023-12-25 15:41:56'),
(10, '2023-12-25 15:41:56'),
(10, '2023-12-25 15:41:56'),
(10, '2023-12-25 15:41:58'),
(10, '2023-12-25 15:41:58'),
(10, '2023-12-25 15:41:58'),
(10, '2023-12-25 15:41:58'),
(10, '2023-12-25 15:42:06'),
(10, '2023-12-25 15:42:06'),
(10, '2023-12-25 15:42:06'),
(10, '2023-12-25 15:42:12'),
(10, '2023-12-25 15:42:12'),
(10, '2023-12-25 15:42:13'),
(10, '2023-12-25 15:42:13'),
(10, '2023-12-25 15:42:13'),
(10, '2023-12-25 15:42:13'),
(10, '2023-12-25 15:42:24'),
(10, '2023-12-25 15:42:24'),
(10, '2023-12-25 15:42:24'),
(10, '2023-12-25 15:42:48'),
(10, '2023-12-25 15:42:48'),
(10, '2023-12-25 15:42:48'),
(10, '2023-12-25 15:42:51'),
(10, '2023-12-25 15:42:51'),
(10, '2023-12-25 15:42:51'),
(10, '2023-12-25 15:42:57'),
(10, '2023-12-25 15:42:57'),
(10, '2023-12-25 15:42:59'),
(10, '2023-12-25 15:42:59'),
(10, '2023-12-25 15:42:59'),
(10, '2023-12-25 15:43:25'),
(10, '2023-12-25 15:43:25'),
(10, '2023-12-25 15:43:36'),
(10, '2023-12-25 15:43:36'),
(10, '2023-12-25 15:43:36'),
(10, '2023-12-25 15:43:40'),
(10, '2023-12-25 15:43:40'),
(10, '2023-12-25 15:43:40'),
(10, '2023-12-25 15:43:40'),
(10, '2023-12-25 15:43:44'),
(10, '2023-12-25 15:43:44'),
(10, '2023-12-25 15:43:44'),
(13, '2023-12-25 15:44:03'),
(13, '2023-12-25 15:44:03'),
(13, '2023-12-25 15:44:03'),
(13, '2023-12-25 15:44:09'),
(13, '2023-12-25 15:44:09'),
(13, '2023-12-25 15:44:11'),
(13, '2023-12-25 15:44:11'),
(13, '2023-12-25 15:44:11'),
(13, '2023-12-25 15:45:34'),
(13, '2023-12-25 15:45:34'),
(13, '2023-12-25 15:45:38'),
(13, '2023-12-25 15:45:38'),
(13, '2023-12-25 15:45:38'),
(12, '2023-12-27 05:20:39'),
(12, '2023-12-27 05:20:39'),
(12, '2023-12-27 05:20:39'),
(12, '2023-12-27 05:21:05'),
(12, '2023-12-27 05:21:05'),
(12, '2023-12-27 05:21:05'),
(12, '2023-12-27 05:32:40'),
(12, '2023-12-27 05:32:40'),
(12, '2023-12-27 05:32:40'),
(12, '2023-12-27 05:33:01'),
(12, '2023-12-27 05:33:01'),
(12, '2023-12-27 05:33:01'),
(12, '2023-12-27 05:34:43'),
(12, '2023-12-27 05:34:43'),
(12, '2023-12-27 05:34:43'),
(12, '2023-12-27 05:36:22'),
(12, '2023-12-27 05:36:22'),
(12, '2023-12-27 05:36:22'),
(12, '2023-12-27 05:36:45'),
(12, '2023-12-27 05:36:45'),
(12, '2023-12-27 05:36:45'),
(12, '2023-12-27 05:36:45'),
(12, '2023-12-27 05:36:45'),
(12, '2023-12-27 05:36:45'),
(12, '2023-12-27 05:36:45'),
(12, '2023-12-27 05:36:45'),
(12, '2023-12-27 05:36:51'),
(12, '2023-12-27 05:36:51'),
(12, '2023-12-27 05:36:51'),
(12, '2023-12-27 05:39:49'),
(12, '2023-12-27 05:39:49'),
(12, '2023-12-27 05:39:49'),
(12, '2023-12-27 05:39:50'),
(12, '2023-12-27 05:39:50'),
(12, '2023-12-27 05:39:50'),
(12, '2023-12-27 05:39:50'),
(12, '2023-12-27 05:39:50'),
(12, '2023-12-27 05:39:50'),
(12, '2023-12-27 05:39:51'),
(12, '2023-12-27 05:39:51'),
(12, '2023-12-27 05:39:51'),
(12, '2023-12-27 05:39:51'),
(12, '2023-12-27 05:39:51'),
(12, '2023-12-27 05:39:51'),
(12, '2023-12-27 05:39:51'),
(12, '2023-12-27 05:39:51'),
(12, '2023-12-27 05:39:51'),
(12, '2023-12-27 05:39:51'),
(12, '2023-12-27 05:39:51'),
(12, '2023-12-27 05:39:51'),
(12, '2023-12-27 05:40:33'),
(12, '2023-12-27 05:40:33'),
(12, '2023-12-27 05:40:33'),
(12, '2023-12-27 05:40:55'),
(12, '2023-12-27 05:40:55'),
(12, '2023-12-27 05:40:55'),
(12, '2023-12-27 05:41:17'),
(12, '2023-12-27 05:41:17'),
(12, '2023-12-27 05:41:17'),
(12, '2023-12-27 05:41:56'),
(12, '2023-12-27 05:41:56'),
(12, '2023-12-27 05:41:56'),
(12, '2023-12-27 05:42:28'),
(12, '2023-12-27 05:42:28'),
(12, '2023-12-27 05:42:28'),
(12, '2023-12-27 05:42:41'),
(12, '2023-12-27 05:42:41'),
(12, '2023-12-27 05:42:41'),
(12, '2023-12-27 05:43:16'),
(12, '2023-12-27 05:43:16'),
(12, '2023-12-27 05:43:19'),
(12, '2023-12-27 05:43:19'),
(12, '2023-12-27 05:43:19'),
(12, '2023-12-27 05:44:08'),
(12, '2023-12-27 05:44:08'),
(12, '2023-12-27 05:44:08'),
(12, '2023-12-27 05:44:26'),
(12, '2023-12-27 05:44:26'),
(12, '2023-12-27 05:44:32'),
(12, '2023-12-27 05:44:32'),
(12, '2023-12-27 05:44:34'),
(12, '2023-12-27 05:44:34'),
(12, '2023-12-27 05:44:38'),
(12, '2023-12-27 05:44:38'),
(12, '2023-12-27 05:44:38'),
(12, '2023-12-27 05:45:48'),
(12, '2023-12-27 05:45:48'),
(12, '2023-12-27 05:45:49'),
(12, '2023-12-27 05:46:04'),
(12, '2023-12-27 05:46:04'),
(12, '2023-12-27 05:46:05'),
(12, '2023-12-27 05:46:22'),
(12, '2023-12-27 05:46:22'),
(12, '2023-12-27 05:46:22'),
(12, '2023-12-27 05:47:11'),
(12, '2023-12-27 05:47:11'),
(12, '2023-12-27 05:47:12'),
(12, '2023-12-27 05:50:00'),
(12, '2023-12-27 05:50:00'),
(12, '2023-12-27 05:50:03'),
(12, '2023-12-27 05:50:03'),
(12, '2023-12-27 05:50:03'),
(12, '2023-12-27 05:55:47'),
(12, '2023-12-27 05:55:47'),
(12, '2023-12-27 05:55:48'),
(12, '2023-12-27 05:56:16'),
(12, '2023-12-27 05:56:16'),
(12, '2023-12-27 05:56:16'),
(12, '2023-12-27 05:56:16'),
(12, '2023-12-27 05:56:27'),
(12, '2023-12-27 05:56:27'),
(12, '2023-12-27 05:56:27'),
(12, '2023-12-27 05:57:03'),
(12, '2023-12-27 05:57:03'),
(12, '2023-12-27 05:59:02'),
(12, '2023-12-27 05:59:02'),
(12, '2023-12-27 05:59:02'),
(12, '2023-12-27 05:59:02'),
(12, '2023-12-27 05:59:08'),
(12, '2023-12-27 05:59:09'),
(12, '2023-12-27 05:59:12'),
(12, '2023-12-27 05:59:12'),
(12, '2023-12-27 05:59:12'),
(12, '2023-12-27 05:59:14'),
(12, '2023-12-27 05:59:14'),
(12, '2023-12-27 05:59:14'),
(12, '2023-12-27 05:59:14'),
(12, '2023-12-27 05:59:14'),
(12, '2023-12-27 05:59:14'),
(12, '2023-12-27 05:59:14'),
(12, '2023-12-27 05:59:14'),
(12, '2023-12-27 05:59:19'),
(12, '2023-12-27 05:59:19'),
(12, '2023-12-27 05:59:19'),
(12, '2023-12-27 05:59:24'),
(12, '2023-12-27 05:59:24'),
(12, '2023-12-27 05:59:24'),
(12, '2023-12-27 05:59:24'),
(12, '2023-12-27 05:59:24'),
(12, '2023-12-27 05:59:24'),
(12, '2023-12-27 05:59:24'),
(12, '2023-12-27 05:59:24'),
(12, '2023-12-27 05:59:27'),
(12, '2023-12-27 05:59:27'),
(12, '2023-12-27 05:59:27'),
(12, '2023-12-27 05:59:30'),
(12, '2023-12-27 05:59:30'),
(12, '2023-12-27 05:59:30'),
(12, '2023-12-27 05:59:30'),
(12, '2023-12-27 05:59:33'),
(12, '2023-12-27 05:59:33'),
(12, '2023-12-27 05:59:33'),
(12, '2023-12-27 05:59:46'),
(12, '2023-12-27 05:59:46'),
(12, '2023-12-27 05:59:46'),
(12, '2023-12-27 05:59:46'),
(12, '2023-12-27 05:59:46'),
(12, '2023-12-27 05:59:46'),
(12, '2023-12-27 05:59:46'),
(12, '2023-12-27 05:59:46'),
(12, '2023-12-27 05:59:52'),
(12, '2023-12-27 05:59:52'),
(12, '2023-12-27 05:59:52'),
(12, '2023-12-27 05:59:52'),
(12, '2023-12-27 06:00:05'),
(12, '2023-12-27 06:00:05'),
(12, '2023-12-27 06:00:05'),
(12, '2023-12-27 06:00:31'),
(12, '2023-12-27 06:00:31'),
(12, '2023-12-27 06:00:31'),
(12, '2023-12-27 06:00:31'),
(12, '2023-12-27 06:00:33'),
(12, '2023-12-27 06:00:33'),
(12, '2023-12-27 06:00:33'),
(12, '2023-12-27 06:00:33'),
(12, '2023-12-27 06:00:33'),
(12, '2023-12-27 06:00:34'),
(12, '2023-12-27 06:00:34'),
(12, '2023-12-27 06:00:34'),
(12, '2023-12-27 06:00:34'),
(12, '2023-12-27 06:00:34'),
(12, '2023-12-27 06:01:59'),
(12, '2023-12-27 06:01:59'),
(12, '2023-12-27 06:01:59'),
(12, '2023-12-27 06:01:59'),
(12, '2023-12-27 06:01:59'),
(12, '2023-12-27 06:01:59'),
(12, '2023-12-27 06:01:59'),
(12, '2023-12-27 06:02:02'),
(12, '2023-12-27 06:02:02'),
(12, '2023-12-27 06:02:02'),
(12, '2023-12-27 06:02:02'),
(12, '2023-12-27 06:02:02'),
(12, '2023-12-27 06:02:02'),
(12, '2023-12-27 06:02:02'),
(12, '2023-12-27 06:02:02'),
(12, '2023-12-27 06:02:17'),
(12, '2023-12-27 06:02:17'),
(12, '2023-12-27 06:02:17'),
(12, '2023-12-27 06:02:17'),
(12, '2023-12-27 06:02:17'),
(12, '2023-12-27 06:02:17'),
(12, '2023-12-27 06:02:17'),
(12, '2023-12-27 06:02:17'),
(12, '2023-12-27 06:02:17'),
(12, '2023-12-27 06:02:33'),
(12, '2023-12-27 06:02:34'),
(12, '2023-12-27 06:03:03'),
(12, '2023-12-27 06:03:03'),
(12, '2023-12-27 06:03:03'),
(12, '2023-12-27 06:03:03'),
(12, '2023-12-27 06:03:03'),
(12, '2023-12-27 06:03:03'),
(12, '2023-12-27 06:03:03'),
(12, '2023-12-27 06:03:03'),
(12, '2023-12-27 06:03:03'),
(12, '2023-12-27 06:04:56'),
(12, '2023-12-27 06:04:56'),
(12, '2023-12-27 06:04:56');

-- --------------------------------------------------------

--
-- Table structure for table `user_control_admin_log`
--

CREATE TABLE `user_control_admin_log` (
  `log_id` int(11) NOT NULL,
  `admin_id` int(11) NOT NULL,
  `user_id` int(11) NOT NULL,
  `action` enum('DELETE','UNDELETE','BAN','UNBAN','ADMIN','DEADMIN') NOT NULL,
  `comment` varchar(300) DEFAULT NULL,
  `time` timestamp NOT NULL DEFAULT current_timestamp()
) ENGINE=InnoDB DEFAULT CHARSET=latin1 COLLATE=latin1_swedish_ci;

--
-- Dumping data for table `user_control_admin_log`
--

INSERT INTO `user_control_admin_log` (`log_id`, `admin_id`, `user_id`, `action`, `comment`, `time`) VALUES
(6, 10, 11, 'ADMIN', 'Cool', '2023-12-16 06:42:30');

-- --------------------------------------------------------

--
-- Table structure for table `user_control_mod_log`
--

CREATE TABLE `user_control_mod_log` (
  `log_id` int(11) NOT NULL,
  `mod_id` int(11) NOT NULL,
  `user_id` int(11) NOT NULL,
  `soc_id` int(11) NOT NULL,
  `action` enum('BAN','UNBAN','MOD','DEMOD') NOT NULL,
  `comment` varchar(300) DEFAULT NULL,
  `time` timestamp NOT NULL DEFAULT current_timestamp()
) ENGINE=InnoDB DEFAULT CHARSET=latin1 COLLATE=latin1_swedish_ci;

-- --------------------------------------------------------

--
-- Table structure for table `user_reports`
--

CREATE TABLE `user_reports` (
  `report_id` int(11) NOT NULL,
  `user_id` int(11) NOT NULL
) ENGINE=InnoDB DEFAULT CHARSET=latin1 COLLATE=latin1_swedish_ci;

--
-- Indexes for dumped tables
--

--
-- Indexes for table `comments`
--
ALTER TABLE `comments`
  ADD PRIMARY KEY (`comm_id`),
  ADD KEY `post_id` (`post_id`),
  ADD KEY `user_id` (`user_id`),
  ADD KEY `parent_id` (`parent_id`);

--
-- Indexes for table `comm_control_log`
--
ALTER TABLE `comm_control_log`
  ADD PRIMARY KEY (`log_id`),
  ADD KEY `comm_id` (`comm_id`),
  ADD KEY `mod_id` (`mod_id`);
ALTER TABLE `comm_control_log` ADD FULLTEXT KEY `comment` (`comment`);

--
-- Indexes for table `comm_reports`
--
ALTER TABLE `comm_reports`
  ADD PRIMARY KEY (`report_id`),
  ADD KEY `comm_id` (`comm_id`);

--
-- Indexes for table `comm_votes`
--
ALTER TABLE `comm_votes`
  ADD PRIMARY KEY (`comm_id`,`user_id`),
  ADD KEY `user_id` (`user_id`);

--
-- Indexes for table `login_log`
--
ALTER TABLE `login_log`
  ADD PRIMARY KEY (`user_id`,`time`);

--
-- Indexes for table `pms`
--
ALTER TABLE `pms`
  ADD PRIMARY KEY (`pm_id`),
  ADD KEY `sender` (`sender`),
  ADD KEY `receiver` (`receiver`);

--
-- Indexes for table `posts`
--
ALTER TABLE `posts`
  ADD PRIMARY KEY (`post_id`),
  ADD KEY `soc_id` (`soc_id`),
  ADD KEY `user_id` (`user_id`);
ALTER TABLE `posts` ADD FULLTEXT KEY `title` (`title`);

--
-- Indexes for table `post_control_log`
--
ALTER TABLE `post_control_log`
  ADD PRIMARY KEY (`log_id`),
  ADD KEY `mod_id` (`mod_id`),
  ADD KEY `post_id` (`post_id`);
ALTER TABLE `post_control_log` ADD FULLTEXT KEY `comment` (`comment`);

--
-- Indexes for table `post_reports`
--
ALTER TABLE `post_reports`
  ADD PRIMARY KEY (`report_id`),
  ADD KEY `post_id` (`post_id`);

--
-- Indexes for table `post_subs`
--
ALTER TABLE `post_subs`
  ADD PRIMARY KEY (`post_id`,`user_id`),
  ADD KEY `user_id` (`user_id`);

--
-- Indexes for table `post_views`
--
ALTER TABLE `post_views`
  ADD PRIMARY KEY (`post_id`,`user_id`,`time`),
  ADD KEY `user_id` (`user_id`);

--
-- Indexes for table `post_votes`
--
ALTER TABLE `post_votes`
  ADD PRIMARY KEY (`post_id`,`user_id`),
  ADD KEY `user_id` (`user_id`);

--
-- Indexes for table `reports`
--
ALTER TABLE `reports`
  ADD PRIMARY KEY (`report_id`);
ALTER TABLE `reports` ADD FULLTEXT KEY `reason` (`reason`);

--
-- Indexes for table `societies`
--
ALTER TABLE `societies`
  ADD PRIMARY KEY (`soc_id`),
  ADD UNIQUE KEY `soc_name` (`soc_name`),
  ADD UNIQUE KEY `det_revision` (`rev_id`),
  ADD KEY `created_by` (`created_by`);

--
-- Indexes for table `soc_bans`
--
ALTER TABLE `soc_bans`
  ADD PRIMARY KEY (`soc_id`,`user_id`),
  ADD KEY `user_id` (`user_id`);

--
-- Indexes for table `soc_control_admin_log`
--
ALTER TABLE `soc_control_admin_log`
  ADD PRIMARY KEY (`log_id`),
  ADD KEY `admin_id` (`admin_id`),
  ADD KEY `soc_id` (`soc_id`);
ALTER TABLE `soc_control_admin_log` ADD FULLTEXT KEY `comment` (`comment`);

--
-- Indexes for table `soc_details`
--
ALTER TABLE `soc_details`
  ADD PRIMARY KEY (`rev_id`),
  ADD KEY `soc_id` (`soc_id`),
  ADD KEY `revised_by` (`revised_by`);

--
-- Indexes for table `soc_mods`
--
ALTER TABLE `soc_mods`
  ADD PRIMARY KEY (`soc_id`,`user_id`),
  ADD KEY `user_id` (`user_id`);

--
-- Indexes for table `soc_reports`
--
ALTER TABLE `soc_reports`
  ADD PRIMARY KEY (`report_id`),
  ADD KEY `soc_id` (`soc_id`);

--
-- Indexes for table `soc_subs`
--
ALTER TABLE `soc_subs`
  ADD PRIMARY KEY (`soc_id`,`user_id`),
  ADD KEY `user_id` (`user_id`);

--
-- Indexes for table `soc_views`
--
ALTER TABLE `soc_views`
  ADD KEY `soc_id` (`soc_id`),
  ADD KEY `user_id` (`user_id`);

--
-- Indexes for table `users`
--
ALTER TABLE `users`
  ADD PRIMARY KEY (`user_id`),
  ADD UNIQUE KEY `username` (`username`);

--
-- Indexes for table `user_activity`
--
ALTER TABLE `user_activity`
  ADD KEY `user_id` (`user_id`);

--
-- Indexes for table `user_control_admin_log`
--
ALTER TABLE `user_control_admin_log`
  ADD PRIMARY KEY (`log_id`),
  ADD KEY `admin_id` (`admin_id`),
  ADD KEY `user_id` (`user_id`);
ALTER TABLE `user_control_admin_log` ADD FULLTEXT KEY `comment` (`comment`);

--
-- Indexes for table `user_control_mod_log`
--
ALTER TABLE `user_control_mod_log`
  ADD PRIMARY KEY (`log_id`),
  ADD KEY `mod_id` (`mod_id`),
  ADD KEY `user_id` (`user_id`),
  ADD KEY `soc_id` (`soc_id`);
ALTER TABLE `user_control_mod_log` ADD FULLTEXT KEY `comment` (`comment`);

--
-- Indexes for table `user_reports`
--
ALTER TABLE `user_reports`
  ADD PRIMARY KEY (`report_id`),
  ADD KEY `user_id` (`user_id`);

--
-- AUTO_INCREMENT for dumped tables
--

--
-- AUTO_INCREMENT for table `comments`
--
ALTER TABLE `comments`
  MODIFY `comm_id` int(11) NOT NULL AUTO_INCREMENT, AUTO_INCREMENT=57;

--
-- AUTO_INCREMENT for table `comm_control_log`
--
ALTER TABLE `comm_control_log`
  MODIFY `log_id` int(11) NOT NULL AUTO_INCREMENT, AUTO_INCREMENT=4;

--
-- AUTO_INCREMENT for table `pms`
--
ALTER TABLE `pms`
  MODIFY `pm_id` int(11) NOT NULL AUTO_INCREMENT, AUTO_INCREMENT=8;

--
-- AUTO_INCREMENT for table `posts`
--
ALTER TABLE `posts`
  MODIFY `post_id` int(11) NOT NULL AUTO_INCREMENT, AUTO_INCREMENT=34;

--
-- AUTO_INCREMENT for table `post_control_log`
--
ALTER TABLE `post_control_log`
  MODIFY `log_id` int(11) NOT NULL AUTO_INCREMENT, AUTO_INCREMENT=9;

--
-- AUTO_INCREMENT for table `reports`
--
ALTER TABLE `reports`
  MODIFY `report_id` int(11) NOT NULL AUTO_INCREMENT, AUTO_INCREMENT=8;

--
-- AUTO_INCREMENT for table `societies`
--
ALTER TABLE `societies`
  MODIFY `soc_id` int(11) NOT NULL AUTO_INCREMENT, AUTO_INCREMENT=17;

--
-- AUTO_INCREMENT for table `soc_control_admin_log`
--
ALTER TABLE `soc_control_admin_log`
  MODIFY `log_id` int(11) NOT NULL AUTO_INCREMENT, AUTO_INCREMENT=5;

--
-- AUTO_INCREMENT for table `soc_details`
--
ALTER TABLE `soc_details`
  MODIFY `rev_id` int(11) NOT NULL AUTO_INCREMENT, AUTO_INCREMENT=18;

--
-- AUTO_INCREMENT for table `users`
--
ALTER TABLE `users`
  MODIFY `user_id` int(11) NOT NULL AUTO_INCREMENT, AUTO_INCREMENT=14;

--
-- AUTO_INCREMENT for table `user_control_admin_log`
--
ALTER TABLE `user_control_admin_log`
  MODIFY `log_id` int(11) NOT NULL AUTO_INCREMENT, AUTO_INCREMENT=7;

--
-- AUTO_INCREMENT for table `user_control_mod_log`
--
ALTER TABLE `user_control_mod_log`
  MODIFY `log_id` int(11) NOT NULL AUTO_INCREMENT, AUTO_INCREMENT=10;

--
-- Constraints for dumped tables
--

--
-- Constraints for table `comments`
--
ALTER TABLE `comments`
  ADD CONSTRAINT `comments_ibfk_1` FOREIGN KEY (`post_id`) REFERENCES `posts` (`post_id`),
  ADD CONSTRAINT `comments_ibfk_2` FOREIGN KEY (`parent_id`) REFERENCES `comments` (`comm_id`),
  ADD CONSTRAINT `comments_ibfk_3` FOREIGN KEY (`user_id`) REFERENCES `users` (`user_id`);

--
-- Constraints for table `comm_control_log`
--
ALTER TABLE `comm_control_log`
  ADD CONSTRAINT `comm_control_log_ibfk_1` FOREIGN KEY (`comm_id`) REFERENCES `comments` (`comm_id`),
  ADD CONSTRAINT `comm_control_log_ibfk_2` FOREIGN KEY (`mod_id`) REFERENCES `users` (`user_id`);

--
-- Constraints for table `comm_reports`
--
ALTER TABLE `comm_reports`
  ADD CONSTRAINT `comm_reports_ibfk_1` FOREIGN KEY (`report_id`) REFERENCES `reports` (`report_id`),
  ADD CONSTRAINT `comm_reports_ibfk_2` FOREIGN KEY (`comm_id`) REFERENCES `comments` (`comm_id`);

--
-- Constraints for table `comm_votes`
--
ALTER TABLE `comm_votes`
  ADD CONSTRAINT `comm_votes_ibfk_1` FOREIGN KEY (`comm_id`) REFERENCES `comments` (`comm_id`),
  ADD CONSTRAINT `comm_votes_ibfk_2` FOREIGN KEY (`user_id`) REFERENCES `users` (`user_id`);

--
-- Constraints for table `login_log`
--
ALTER TABLE `login_log`
  ADD CONSTRAINT `login_log_ibfk_1` FOREIGN KEY (`user_id`) REFERENCES `users` (`user_id`);

--
-- Constraints for table `pms`
--
ALTER TABLE `pms`
  ADD CONSTRAINT `pms_ibfk_1` FOREIGN KEY (`sender`) REFERENCES `users` (`user_id`),
  ADD CONSTRAINT `pms_ibfk_2` FOREIGN KEY (`receiver`) REFERENCES `users` (`user_id`);

--
-- Constraints for table `posts`
--
ALTER TABLE `posts`
  ADD CONSTRAINT `posts_ibfk_1` FOREIGN KEY (`soc_id`) REFERENCES `societies` (`soc_id`),
  ADD CONSTRAINT `posts_ibfk_2` FOREIGN KEY (`user_id`) REFERENCES `users` (`user_id`);

--
-- Constraints for table `post_control_log`
--
ALTER TABLE `post_control_log`
  ADD CONSTRAINT `post_control_log_ibfk_1` FOREIGN KEY (`post_id`) REFERENCES `posts` (`post_id`),
  ADD CONSTRAINT `post_control_log_ibfk_2` FOREIGN KEY (`mod_id`) REFERENCES `users` (`user_id`);

--
-- Constraints for table `post_reports`
--
ALTER TABLE `post_reports`
  ADD CONSTRAINT `post_reports_ibfk_1` FOREIGN KEY (`report_id`) REFERENCES `reports` (`report_id`),
  ADD CONSTRAINT `post_reports_ibfk_2` FOREIGN KEY (`post_id`) REFERENCES `posts` (`post_id`);

--
-- Constraints for table `post_subs`
--
ALTER TABLE `post_subs`
  ADD CONSTRAINT `post_subs_ibfk_1` FOREIGN KEY (`post_id`) REFERENCES `posts` (`post_id`),
  ADD CONSTRAINT `post_subs_ibfk_2` FOREIGN KEY (`user_id`) REFERENCES `users` (`user_id`);

--
-- Constraints for table `post_views`
--
ALTER TABLE `post_views`
  ADD CONSTRAINT `post_views_ibfk_1` FOREIGN KEY (`post_id`) REFERENCES `posts` (`post_id`),
  ADD CONSTRAINT `post_views_ibfk_2` FOREIGN KEY (`user_id`) REFERENCES `users` (`user_id`);

--
-- Constraints for table `post_votes`
--
ALTER TABLE `post_votes`
  ADD CONSTRAINT `post_votes_ibfk_1` FOREIGN KEY (`post_id`) REFERENCES `posts` (`post_id`),
  ADD CONSTRAINT `post_votes_ibfk_2` FOREIGN KEY (`user_id`) REFERENCES `users` (`user_id`);

--
-- Constraints for table `societies`
--
ALTER TABLE `societies`
  ADD CONSTRAINT `societies_ibfk_1` FOREIGN KEY (`created_by`) REFERENCES `users` (`user_id`),
  ADD CONSTRAINT `societies_ibfk_2` FOREIGN KEY (`rev_id`) REFERENCES `soc_details` (`rev_id`);

--
-- Constraints for table `soc_bans`
--
ALTER TABLE `soc_bans`
  ADD CONSTRAINT `soc_bans_ibfk_1` FOREIGN KEY (`soc_id`) REFERENCES `societies` (`soc_id`),
  ADD CONSTRAINT `soc_bans_ibfk_2` FOREIGN KEY (`user_id`) REFERENCES `users` (`user_id`);

--
-- Constraints for table `soc_control_admin_log`
--
ALTER TABLE `soc_control_admin_log`
  ADD CONSTRAINT `soc_control_admin_log_ibfk_1` FOREIGN KEY (`admin_id`) REFERENCES `users` (`user_id`),
  ADD CONSTRAINT `soc_control_admin_log_ibfk_2` FOREIGN KEY (`soc_id`) REFERENCES `societies` (`soc_id`);

--
-- Constraints for table `soc_details`
--
ALTER TABLE `soc_details`
  ADD CONSTRAINT `soc_details_ibfk_1` FOREIGN KEY (`soc_id`) REFERENCES `societies` (`soc_id`),
  ADD CONSTRAINT `soc_details_ibfk_2` FOREIGN KEY (`revised_by`) REFERENCES `users` (`user_id`);

--
-- Constraints for table `soc_mods`
--
ALTER TABLE `soc_mods`
  ADD CONSTRAINT `soc_mods_ibfk_1` FOREIGN KEY (`soc_id`) REFERENCES `societies` (`soc_id`),
  ADD CONSTRAINT `soc_mods_ibfk_2` FOREIGN KEY (`user_id`) REFERENCES `users` (`user_id`);

--
-- Constraints for table `soc_reports`
--
ALTER TABLE `soc_reports`
  ADD CONSTRAINT `soc_reports_ibfk_1` FOREIGN KEY (`soc_id`) REFERENCES `societies` (`soc_id`),
  ADD CONSTRAINT `soc_reports_ibfk_2` FOREIGN KEY (`report_id`) REFERENCES `reports` (`report_id`);

--
-- Constraints for table `soc_subs`
--
ALTER TABLE `soc_subs`
  ADD CONSTRAINT `soc_subs_ibfk_1` FOREIGN KEY (`soc_id`) REFERENCES `societies` (`soc_id`),
  ADD CONSTRAINT `soc_subs_ibfk_2` FOREIGN KEY (`user_id`) REFERENCES `users` (`user_id`);

--
-- Constraints for table `soc_views`
--
ALTER TABLE `soc_views`
  ADD CONSTRAINT `soc_views_ibfk_1` FOREIGN KEY (`soc_id`) REFERENCES `societies` (`soc_id`),
  ADD CONSTRAINT `soc_views_ibfk_2` FOREIGN KEY (`user_id`) REFERENCES `users` (`user_id`);

--
-- Constraints for table `user_activity`
--
ALTER TABLE `user_activity`
  ADD CONSTRAINT `user_activity_ibfk_1` FOREIGN KEY (`user_id`) REFERENCES `users` (`user_id`);

--
-- Constraints for table `user_control_admin_log`
--
ALTER TABLE `user_control_admin_log`
  ADD CONSTRAINT `user_control_admin_log_ibfk_1` FOREIGN KEY (`admin_id`) REFERENCES `users` (`user_id`),
  ADD CONSTRAINT `user_control_admin_log_ibfk_2` FOREIGN KEY (`user_id`) REFERENCES `users` (`user_id`);

--
-- Constraints for table `user_control_mod_log`
--
ALTER TABLE `user_control_mod_log`
  ADD CONSTRAINT `user_control_mod_log_ibfk_1` FOREIGN KEY (`mod_id`) REFERENCES `users` (`user_id`),
  ADD CONSTRAINT `user_control_mod_log_ibfk_2` FOREIGN KEY (`user_id`) REFERENCES `users` (`user_id`),
  ADD CONSTRAINT `user_control_mod_log_ibfk_3` FOREIGN KEY (`soc_id`) REFERENCES `societies` (`soc_id`);

--
-- Constraints for table `user_reports`
--
ALTER TABLE `user_reports`
  ADD CONSTRAINT `user_reports_ibfk_1` FOREIGN KEY (`report_id`) REFERENCES `reports` (`report_id`),
  ADD CONSTRAINT `user_reports_ibfk_2` FOREIGN KEY (`user_id`) REFERENCES `users` (`user_id`);
COMMIT;

/*!40101 SET CHARACTER_SET_CLIENT=@OLD_CHARACTER_SET_CLIENT */;
/*!40101 SET CHARACTER_SET_RESULTS=@OLD_CHARACTER_SET_RESULTS */;
/*!40101 SET COLLATION_CONNECTION=@OLD_COLLATION_CONNECTION */;
